#CHROM,POS,REF,ALT,ALLELE
chr22,42126963,C,T,CYP2D6_1.002
chr22,42128813,G,A,CYP2D6_1.003
chr22,42128216,G,T,CYP2D6_1.004
chr22,42128922,A,G,CYP2D6_1.005
chr22,42129950,A,C,CYP2D6_1.006
chr22,42130482,C,A,CYP2D6_1.006
chr22,42129726,A,C,CYP2D6_1.006
chr22,42130482,C,A,CYP2D6_1.007
chr22,42129950,A,C,CYP2D6_1.007
chr22,42129726,A,C,CYP2D6_1.007
chr22,42128153,C,CC,CYP2D6_1.007
chr22,42129237,A,C,CYP2D6_1.007
chr22,42130839,C,CC,CYP2D6_1.008
chr22,42128031,A,T,CYP2D6_1.008
chr22,42126395,CCT,C,CYP2D6_1.008
chr22,42129623,C,T,CYP2D6_1.009
chr22,42127811,G,A,CYP2D6_1.009
chr22,42131289,G,T,CYP2D6_1.010
chr22,42129130,C,G,CYP2D6_1.011
chr22,42131289,G,T,CYP2D6_1.011
chr22,42129623,C,T,CYP2D6_1.012
chr22,42129623,C,T,CYP2D6_1.013
chr22,42129442,C,T,CYP2D6_1.013
chr22,42127246,T,TT,CYP2D6_1.014
chr22,42127239,G,A,CYP2D6_1.014
chr22,42129623,C,T,CYP2D6_1.014
chr22,42129623,C,T,CYP2D6_1.015
chr22,42130921,A,G,CYP2D6_1.015
chr22,42129950,A,C,CYP2D6_1.016
chr22,42129623,C,T,CYP2D6_1.016
chr22,42131631,A,T,CYP2D6_1.017
chr22,42130522,G,A,CYP2D6_1.018
chr22,42130522,G,A,CYP2D6_1.020
chr22,42128488,G,A,CYP2D6_1.020
chr22,42127143,G,A,CYP2D6_1.021
chr22,42130522,G,A,CYP2D6_1.021
chr22,42131222,G,A,CYP2D6_1.022
chr22,42130522,G,A,CYP2D6_1.022
chr22,42130522,G,A,CYP2D6_1.023
chr22,42131379,C,T,CYP2D6_1.023
chr22,42130839,C,CC,CYP2D6_1.024
chr22,42131156,C,T,CYP2D6_1.025
chr22,42128488,G,A,CYP2D6_1.026
chr22,42130877,A,G,CYP2D6_1.027
chr22,42131074,G,A,CYP2D6_1.028
chr22,42129540,G,C,CYP2D6_1.029
chr22,42128968,G,T,CYP2D6_1.030
chr22,42130522,G,A,CYP2D6_1.031
chr22,42130813,GC,G,CYP2D6_1.031
chr22,42130810,T,G,CYP2D6_1.031
chr22,42131469,C,T,CYP2D6_1.032
chr22,42130578,C,G,CYP2D6_1.032
chr22,42132375,G,C,CYP2D6_1.032
chr22,42130571,G,T,CYP2D6_1.032
chr22,42130569,G,C,CYP2D6_1.032
chr22,42130565,A,G,CYP2D6_1.032
chr22,42130560,C,G,CYP2D6_1.032
chr22,42131531,G,A,CYP2D6_1.032
chr22,42130547,T,C,CYP2D6_1.032
chr22,42130482,C,A,CYP2D6_1.032
chr22,42130559,T,G,CYP2D6_1.032
chr22,42129950,A,C,CYP2D6_1.032
chr22,42130047,G,C,CYP2D6_1.032
chr22,42127786,C,A,CYP2D6_1.033
chr22,42128071,C,G,CYP2D6_1.034
chr22,42128367,G,A,CYP2D6_1.035
chr22,42128741,G,A,CYP2D6_1.035
chr22,42127758,C,T,CYP2D6_1.035
chr22,42126607,T,C,CYP2D6_1.036
chr22,42129498,C,T,CYP2D6_1.037
chr22,42128128,C,T,CYP2D6_1.038
chr22,42129950,A,C,CYP2D6_1.039
chr22,42130482,C,A,CYP2D6_1.039
chr22,42129706,G,A,CYP2D6_1.039
chr22,42129726,A,C,CYP2D6_1.039
chr22,42131531,G,A,CYP2D6_1.040
chr22,42130578,C,G,CYP2D6_1.040
chr22,42130571,G,T,CYP2D6_1.040
chr22,42130559,T,G,CYP2D6_1.040
chr22,42130565,A,G,CYP2D6_1.040
chr22,42130560,C,G,CYP2D6_1.040
chr22,42130547,T,C,CYP2D6_1.040
chr22,42129133,G,A,CYP2D6_1.040
chr22,42127680,C,T,CYP2D6_1.040
chr22,42127660,G,A,CYP2D6_1.040
chr22,42130569,G,C,CYP2D6_1.040
chr22,42127407,T,G,CYP2D6_1.040
chr22,42127407,T,G,CYP2D6_1.041
chr22,42128736,C,T,CYP2D6_1.042
chr22,42130482,C,A,CYP2D6_1.043
chr22,42129950,A,C,CYP2D6_1.043
chr22,42129726,A,C,CYP2D6_1.043
chr22,42127084,C,T,CYP2D6_1.043
chr22,42131543,C,G,CYP2D6_1.044
chr22,42128160,G,A,CYP2D6_1.045
chr22,42129726,A,C,CYP2D6_1.045
chr22,42130482,C,A,CYP2D6_1.045
chr22,42129950,A,C,CYP2D6_1.045
chr22,42130482,C,A,CYP2D6_1.046
chr22,42129950,A,C,CYP2D6_1.046
chr22,42127074,CAC,C,CYP2D6_1.046
chr22,42130839,C,CC,CYP2D6_1.047
chr22,42128216,G,T,CYP2D6_1.047
chr22,42128580,G,A,CYP2D6_1.048
chr22,42130839,C,CC,CYP2D6_1.048
chr22,42127156,G,A,CYP2D6_1.049
chr22,42130839,C,CC,CYP2D6_1.049
chr22,42128750,C,G,CYP2D6_1.050
chr22,42128573,C,G,CYP2D6_1.051
chr22,42127435,C,T,CYP2D6_1.052
chr22,42127417,G,GGTGCTG,CYP2D6_1.053
chr22,42130047,G,C,CYP2D6_1.054
chr22,42127407,T,G,CYP2D6_1.054
chr22,42128793,A,G,CYP2D6_1.055
chr22,42130839,C,CC,CYP2D6_1.056
chr22,42130459,T,C,CYP2D6_1.056
chr22,42130089,TCA,T,CYP2D6_1.057
chr22,42130839,C,CC,CYP2D6_1.057
chr22,42130482,C,A,CYP2D6_1.058
chr22,42129950,A,C,CYP2D6_1.058
chr22,42128160,G,A,CYP2D6_1.059
chr22,42130482,C,A,CYP2D6_1.059
chr22,42129950,A,C,CYP2D6_1.059
chr22,42131188,C,A,CYP2D6_1.060
chr22,42129623,C,T,CYP2D6_1.061
chr22,42128793,A,G,CYP2D6_1.061
chr22,42131470,G,A,CYP2D6_1.062
chr22,42129724,CC,C,CYP2D6_1.063
chr22,42131469,C,T,CYP2D6_1.065
chr22,42128649,TCTT,T,CYP2D6_1.065
chr22,42129130,C,G,CYP2D6_1.065
chr22,42129950,A,C,CYP2D6_1.065
chr22,42130047,G,C,CYP2D6_1.065
chr22,42130482,C,A,CYP2D6_1.065
chr22,42130547,T,C,CYP2D6_1.065
chr22,42130559,T,G,CYP2D6_1.065
chr22,42130560,C,G,CYP2D6_1.065
chr22,42130565,A,G,CYP2D6_1.065
chr22,42130569,G,C,CYP2D6_1.065
chr22,42130571,G,T,CYP2D6_1.065
chr22,42130578,C,G,CYP2D6_1.065
chr22,42131531,G,A,CYP2D6_1.065
chr22,42128649,TCTT,T,CYP2D6_1.066
chr22,42127074,CAC,C,CYP2D6_1.067
chr22,42130482,C,A,CYP2D6_1.067
chr22,42129950,A,C,CYP2D6_1.067
chr22,42129726,A,C,CYP2D6_1.067
chr22,42127941,G,A,CYP2D6_2
chr22,42126611,C,G,CYP2D6_2
chr22,42131469,C,T,CYP2D6_2.001
chr22,42130571,G,T,CYP2D6_2.001
chr22,42130569,G,C,CYP2D6_2.001
chr22,42129950,A,C,CYP2D6_2.001
chr22,42130578,C,G,CYP2D6_2.001
chr22,42130565,A,G,CYP2D6_2.001
chr22,42130560,C,G,CYP2D6_2.001
chr22,42130559,T,G,CYP2D6_2.001
chr22,42130547,T,C,CYP2D6_2.001
chr22,42130482,C,A,CYP2D6_2.001
chr22,42130047,G,C,CYP2D6_2.001
chr22,42129130,C,G,CYP2D6_2.001
chr22,42127941,G,A,CYP2D6_2.001
chr22,42127407,T,G,CYP2D6_2.001
chr22,42131531,G,A,CYP2D6_2.001
chr22,42127001,G,A,CYP2D6_2.001
chr22,42126611,C,G,CYP2D6_2.001
chr22,42126310,C,T,CYP2D6_2.001
chr22,42132375,G,C,CYP2D6_2.001
chr22,42127207,C,T,CYP2D6_2.001
chr22,42126611,C,G,CYP2D6_2.002
chr22,42127941,G,A,CYP2D6_2.002
chr22,42129130,C,G,CYP2D6_2.002
chr22,42129754,G,A,CYP2D6_2.002
chr22,42126611,C,G,CYP2D6_2.003
chr22,42129130,C,G,CYP2D6_2.003
chr22,42128321,A,G,CYP2D6_2.003
chr22,42127941,G,A,CYP2D6_2.003
chr22,42127941,G,A,CYP2D6_2.004
chr22,42126611,C,G,CYP2D6_2.004
chr22,42130547,T,C,CYP2D6_2.005
chr22,42130047,G,C,CYP2D6_2.005
chr22,42130482,C,A,CYP2D6_2.005
chr22,42129950,A,C,CYP2D6_2.005
chr22,42129796,G,C,CYP2D6_2.005
chr22,42127941,G,A,CYP2D6_2.005
chr22,42127407,T,G,CYP2D6_2.005
chr22,42127207,C,T,CYP2D6_2.005
chr22,42127001,G,A,CYP2D6_2.005
chr22,42126611,C,G,CYP2D6_2.005
chr22,42126310,C,T,CYP2D6_2.005
chr22,42129130,C,G,CYP2D6_2.005
chr22,42130559,T,G,CYP2D6_2.005
chr22,42130569,G,C,CYP2D6_2.005
chr22,42130565,A,G,CYP2D6_2.005
chr22,42130571,G,T,CYP2D6_2.005
chr22,42130578,C,G,CYP2D6_2.005
chr22,42131469,C,T,CYP2D6_2.005
chr22,42130560,C,G,CYP2D6_2.005
chr22,42131531,G,A,CYP2D6_2.005
chr22,42131775,C,T,CYP2D6_2.005
chr22,42132375,G,C,CYP2D6_2.005
chr22,42127941,G,A,CYP2D6_2.006
chr22,42126611,C,G,CYP2D6_2.006
chr22,42129067,G,A,CYP2D6_2.006
chr22,42129130,C,G,CYP2D6_2.006
chr22,42129130,C,G,CYP2D6_2.007
chr22,42128321,A,G,CYP2D6_2.007
chr22,42128216,G,T,CYP2D6_2.007
chr22,42127941,G,A,CYP2D6_2.007
chr22,42126611,C,G,CYP2D6_2.007
chr22,42126611,C,G,CYP2D6_2.008
chr22,42127941,G,A,CYP2D6_2.008
chr22,42128311,G,A,CYP2D6_2.008
chr22,42129130,C,G,CYP2D6_2.008
chr22,42130482,C,A,CYP2D6_2.009
chr22,42129130,C,G,CYP2D6_2.009
chr22,42126310,C,T,CYP2D6_2.009
chr22,42127941,G,A,CYP2D6_2.009
chr22,42127407,T,G,CYP2D6_2.009
chr22,42127207,C,T,CYP2D6_2.009
chr22,42127001,G,A,CYP2D6_2.009
chr22,42126611,C,G,CYP2D6_2.009
chr22,42130047,G,C,CYP2D6_2.009
chr22,42126676,G,A,CYP2D6_2.009
chr22,42129950,A,C,CYP2D6_2.009
chr22,42130559,T,G,CYP2D6_2.009
chr22,42130560,C,G,CYP2D6_2.009
chr22,42130565,A,G,CYP2D6_2.009
chr22,42130571,G,T,CYP2D6_2.009
chr22,42132375,G,C,CYP2D6_2.009
chr22,42131531,G,A,CYP2D6_2.009
chr22,42131469,C,T,CYP2D6_2.009
chr22,42130578,C,G,CYP2D6_2.009
chr22,42130569,G,C,CYP2D6_2.009
chr22,42130547,T,C,CYP2D6_2.009
chr22,42129950,A,C,CYP2D6_2.010
chr22,42132089,C,T,CYP2D6_2.010
chr22,42131531,G,A,CYP2D6_2.010
chr22,42130482,C,A,CYP2D6_2.010
chr22,42130047,G,C,CYP2D6_2.010
chr22,42129278,G,A,CYP2D6_2.010
chr22,42127207,C,T,CYP2D6_2.010
chr22,42129034,G,A,CYP2D6_2.010
chr22,42127941,G,A,CYP2D6_2.010
chr22,42127407,T,G,CYP2D6_2.010
chr22,42127001,G,A,CYP2D6_2.010
chr22,42126611,C,G,CYP2D6_2.010
chr22,42129130,C,G,CYP2D6_2.010
chr22,42129130,C,G,CYP2D6_2.011
chr22,42127941,G,A,CYP2D6_2.011
chr22,42130047,G,C,CYP2D6_2.011
chr22,42131545,CTC,C,CYP2D6_2.011
chr22,42130547,T,C,CYP2D6_2.011
chr22,42130559,T,G,CYP2D6_2.011
chr22,42130560,C,G,CYP2D6_2.011
chr22,42130565,A,G,CYP2D6_2.011
chr22,42130569,G,C,CYP2D6_2.011
chr22,42130571,G,T,CYP2D6_2.011
chr22,42130578,C,G,CYP2D6_2.011
chr22,42131469,C,T,CYP2D6_2.011
chr22,42131531,G,A,CYP2D6_2.011
chr22,42130482,C,A,CYP2D6_2.011
chr22,42127407,T,G,CYP2D6_2.011
chr22,42129950,A,C,CYP2D6_2.011
chr22,42127001,G,A,CYP2D6_2.011
chr22,42126611,C,G,CYP2D6_2.011
chr22,42126310,C,T,CYP2D6_2.011
chr22,42127207,C,T,CYP2D6_2.011
chr22,42127001,G,A,CYP2D6_2.012
chr22,42127207,C,T,CYP2D6_2.012
chr22,42127407,T,G,CYP2D6_2.012
chr22,42127941,G,A,CYP2D6_2.012
chr22,42128130,C,T,CYP2D6_2.012
chr22,42129130,C,G,CYP2D6_2.012
chr22,42129950,A,C,CYP2D6_2.012
chr22,42126611,C,G,CYP2D6_2.012
chr22,42130047,G,C,CYP2D6_2.012
chr22,42130482,C,A,CYP2D6_2.012
chr22,42130547,T,C,CYP2D6_2.012
chr22,42130559,T,G,CYP2D6_2.012
chr22,42126310,C,T,CYP2D6_2.012
chr22,42130565,A,G,CYP2D6_2.012
chr22,42130569,G,C,CYP2D6_2.012
chr22,42132375,G,C,CYP2D6_2.012
chr22,42131531,G,A,CYP2D6_2.012
chr22,42131469,C,T,CYP2D6_2.012
chr22,42130578,C,G,CYP2D6_2.012
chr22,42130571,G,T,CYP2D6_2.012
chr22,42130560,C,G,CYP2D6_2.012
chr22,42126310,C,T,CYP2D6_2.013
chr22,42126611,C,G,CYP2D6_2.013
chr22,42132375,G,C,CYP2D6_2.013
chr22,42127001,G,A,CYP2D6_2.013
chr22,42131469,C,T,CYP2D6_2.013
chr22,42130578,C,G,CYP2D6_2.013
chr22,42130569,G,C,CYP2D6_2.013
chr22,42130565,A,G,CYP2D6_2.013
chr22,42130560,C,G,CYP2D6_2.013
chr22,42130559,T,G,CYP2D6_2.013
chr22,42130547,T,C,CYP2D6_2.013
chr22,42130482,C,A,CYP2D6_2.013
chr22,42130047,G,C,CYP2D6_2.013
chr22,42129950,A,C,CYP2D6_2.013
chr22,42127207,C,T,CYP2D6_2.013
chr22,42128500,C,T,CYP2D6_2.013
chr22,42127407,T,G,CYP2D6_2.013
chr22,42127941,G,A,CYP2D6_2.013
chr22,42130571,G,T,CYP2D6_2.013
chr22,42129130,C,G,CYP2D6_2.013
chr22,42131531,G,A,CYP2D6_2.013
chr22,42127671,C,A,CYP2D6_2.014
chr22,42127407,T,G,CYP2D6_2.014
chr22,42126843,A,G,CYP2D6_2.014
chr22,42127941,G,A,CYP2D6_2.014
chr22,42128576,T,C,CYP2D6_2.014
chr22,42129130,C,G,CYP2D6_2.014
chr22,42129950,A,C,CYP2D6_2.014
chr22,42126611,C,G,CYP2D6_2.014
chr22,42130051,GG,G,CYP2D6_2.014
chr22,42130482,C,A,CYP2D6_2.014
chr22,42130967,C,T,CYP2D6_2.014
chr22,42131185,C,T,CYP2D6_2.014
chr22,42131531,G,A,CYP2D6_2.014
chr22,42131737,C,T,CYP2D6_2.014
chr22,42130047,G,C,CYP2D6_2.014
chr22,42127001,G,A,CYP2D6_2.015
chr22,42127207,C,T,CYP2D6_2.015
chr22,42127407,T,G,CYP2D6_2.015
chr22,42127941,G,A,CYP2D6_2.015
chr22,42130482,C,A,CYP2D6_2.015
chr22,42130047,G,C,CYP2D6_2.015
chr22,42131531,G,A,CYP2D6_2.015
chr22,42132089,C,T,CYP2D6_2.015
chr22,42129130,C,G,CYP2D6_2.015
chr22,42129950,A,C,CYP2D6_2.015
chr22,42126611,C,G,CYP2D6_2.015
chr22,42131531,G,A,CYP2D6_2.016
chr22,42127537,A,G,CYP2D6_2.016
chr22,42127407,T,G,CYP2D6_2.016
chr22,42127207,C,T,CYP2D6_2.016
chr22,42127001,G,A,CYP2D6_2.016
chr22,42126611,C,G,CYP2D6_2.016
chr22,42129950,A,C,CYP2D6_2.016
chr22,42130047,G,C,CYP2D6_2.016
chr22,42130482,C,A,CYP2D6_2.016
chr22,42129130,C,G,CYP2D6_2.016
chr22,42127941,G,A,CYP2D6_2.016
chr22,42132089,C,T,CYP2D6_2.016
chr22,42126611,C,G,CYP2D6_2.017
chr22,42131531,G,A,CYP2D6_2.017
chr22,42131469,C,T,CYP2D6_2.017
chr22,42129563,C,T,CYP2D6_2.017
chr22,42130547,T,C,CYP2D6_2.017
chr22,42130578,C,G,CYP2D6_2.017
chr22,42127407,T,G,CYP2D6_2.017
chr22,42127207,C,T,CYP2D6_2.017
chr22,42130571,G,T,CYP2D6_2.017
chr22,42130482,C,A,CYP2D6_2.017
chr22,42130047,G,C,CYP2D6_2.017
chr22,42126310,C,T,CYP2D6_2.017
chr22,42130522,G,A,CYP2D6_2.017
chr22,42130565,A,G,CYP2D6_2.017
chr22,42127941,G,A,CYP2D6_2.017
chr22,42129130,C,G,CYP2D6_2.017
chr22,42129950,A,C,CYP2D6_2.017
chr22,42130559,T,G,CYP2D6_2.017
chr22,42127001,G,A,CYP2D6_2.017
chr22,42130560,C,G,CYP2D6_2.017
chr22,42130569,G,C,CYP2D6_2.017
chr22,42130547,T,C,CYP2D6_2.018
chr22,42130482,C,A,CYP2D6_2.018
chr22,42127239,G,A,CYP2D6_2.018
chr22,42126310,C,T,CYP2D6_2.018
chr22,42129130,C,G,CYP2D6_2.018
chr22,42127001,G,A,CYP2D6_2.018
chr22,42127207,C,T,CYP2D6_2.018
chr22,42130559,T,G,CYP2D6_2.018
chr22,42127941,G,A,CYP2D6_2.018
chr22,42127407,T,G,CYP2D6_2.018
chr22,42126611,C,G,CYP2D6_2.018
chr22,42130047,G,C,CYP2D6_2.018
chr22,42129950,A,C,CYP2D6_2.018
chr22,42132375,G,C,CYP2D6_2.018
chr22,42131531,G,A,CYP2D6_2.018
chr22,42131469,C,T,CYP2D6_2.018
chr22,42130578,C,G,CYP2D6_2.018
chr22,42130571,G,T,CYP2D6_2.018
chr22,42130569,G,C,CYP2D6_2.018
chr22,42130565,A,G,CYP2D6_2.018
chr22,42130560,C,G,CYP2D6_2.018
chr22,42126611,C,G,CYP2D6_2.019
chr22,42130047,G,C,CYP2D6_2.019
chr22,42129950,A,C,CYP2D6_2.019
chr22,42130569,G,C,CYP2D6_2.019
chr22,42130571,G,T,CYP2D6_2.019
chr22,42130578,C,G,CYP2D6_2.019
chr22,42130547,T,C,CYP2D6_2.019
chr22,42130559,T,G,CYP2D6_2.019
chr22,42130560,C,G,CYP2D6_2.019
chr22,42130482,C,A,CYP2D6_2.019
chr22,42131469,C,T,CYP2D6_2.019
chr22,42131531,G,A,CYP2D6_2.019
chr22,42129130,C,G,CYP2D6_2.019
chr22,42127941,G,A,CYP2D6_2.019
chr22,42127407,T,G,CYP2D6_2.019
chr22,42127207,C,T,CYP2D6_2.019
chr22,42127001,G,A,CYP2D6_2.019
chr22,42126310,C,T,CYP2D6_2.019
chr22,42130565,A,G,CYP2D6_2.019
chr22,42130571,G,T,CYP2D6_2.020
chr22,42129130,C,G,CYP2D6_2.020
chr22,42130578,C,G,CYP2D6_2.020
chr22,42131114,A,G,CYP2D6_2.020
chr22,42131469,C,T,CYP2D6_2.020
chr22,42131531,G,A,CYP2D6_2.020
chr22,42132375,G,C,CYP2D6_2.020
chr22,42129950,A,C,CYP2D6_2.020
chr22,42127207,C,T,CYP2D6_2.020
chr22,42127001,G,A,CYP2D6_2.020
chr22,42126611,C,G,CYP2D6_2.020
chr22,42126310,C,T,CYP2D6_2.020
chr22,42130569,G,C,CYP2D6_2.020
chr22,42127407,T,G,CYP2D6_2.020
chr22,42130047,G,C,CYP2D6_2.020
chr22,42127941,G,A,CYP2D6_2.020
chr22,42130482,C,A,CYP2D6_2.020
chr22,42130560,C,G,CYP2D6_2.020
chr22,42130559,T,G,CYP2D6_2.020
chr22,42130547,T,C,CYP2D6_2.020
chr22,42130565,A,G,CYP2D6_2.020
chr22,42132375,G,C,CYP2D6_2.021
chr22,42131531,G,A,CYP2D6_2.021
chr22,42131469,C,T,CYP2D6_2.021
chr22,42130578,C,G,CYP2D6_2.021
chr22,42130571,G,T,CYP2D6_2.021
chr22,42130569,G,C,CYP2D6_2.021
chr22,42129950,A,C,CYP2D6_2.021
chr22,42130559,T,G,CYP2D6_2.021
chr22,42130547,T,C,CYP2D6_2.021
chr22,42130482,C,A,CYP2D6_2.021
chr22,42126310,C,T,CYP2D6_2.021
chr22,42126611,C,G,CYP2D6_2.021
chr22,42127941,G,A,CYP2D6_2.021
chr22,42129130,C,G,CYP2D6_2.021
chr22,42130565,A,G,CYP2D6_2.021
chr22,42130560,C,G,CYP2D6_2.021
chr22,42130047,G,C,CYP2D6_2.021
chr22,42130559,T,G,CYP2D6_2.022
chr22,42131469,C,T,CYP2D6_2.022
chr22,42130578,C,G,CYP2D6_2.022
chr22,42130569,G,C,CYP2D6_2.022
chr22,42130565,A,G,CYP2D6_2.022
chr22,42130560,C,G,CYP2D6_2.022
chr22,42130547,T,C,CYP2D6_2.022
chr22,42130482,C,A,CYP2D6_2.022
chr22,42130047,G,C,CYP2D6_2.022
chr22,42131531,G,A,CYP2D6_2.022
chr22,42129950,A,C,CYP2D6_2.022
chr22,42129614,C,G,CYP2D6_2.022
chr22,42129130,C,G,CYP2D6_2.022
chr22,42127941,G,A,CYP2D6_2.022
chr22,42127407,T,G,CYP2D6_2.022
chr22,42127207,C,T,CYP2D6_2.022
chr22,42127001,G,A,CYP2D6_2.022
chr22,42126611,C,G,CYP2D6_2.022
chr22,42126310,C,T,CYP2D6_2.022
chr22,42129643,G,C,CYP2D6_2.022
chr22,42132375,G,C,CYP2D6_2.022
chr22,42130571,G,T,CYP2D6_2.022
chr22,42130047,G,C,CYP2D6_2.023
chr22,42129643,G,C,CYP2D6_2.023
chr22,42129950,A,C,CYP2D6_2.023
chr22,42128793,A,G,CYP2D6_2.023
chr22,42128694,T,C,CYP2D6_2.023
chr22,42130482,C,A,CYP2D6_2.023
chr22,42130547,T,C,CYP2D6_2.023
chr22,42130559,T,G,CYP2D6_2.023
chr22,42130560,C,G,CYP2D6_2.023
chr22,42130565,A,G,CYP2D6_2.023
chr22,42130569,G,C,CYP2D6_2.023
chr22,42128130,C,T,CYP2D6_2.023
chr22,42127407,T,G,CYP2D6_2.023
chr22,42129614,C,G,CYP2D6_2.023
chr22,42129130,C,G,CYP2D6_2.023
chr22,42127207,C,T,CYP2D6_2.023
chr22,42127001,G,A,CYP2D6_2.023
chr22,42126763,G,T,CYP2D6_2.023
chr22,42126611,C,G,CYP2D6_2.023
chr22,42130571,G,T,CYP2D6_2.023
chr22,42127941,G,A,CYP2D6_2.023
chr22,42130578,C,G,CYP2D6_2.023
chr22,42131531,G,A,CYP2D6_2.023
chr22,42127001,G,A,CYP2D6_2.024
chr22,42126611,C,G,CYP2D6_2.024
chr22,42126310,C,T,CYP2D6_2.024
chr22,42130578,C,G,CYP2D6_2.024
chr22,42127207,C,T,CYP2D6_2.024
chr22,42127648,C,T,CYP2D6_2.024
chr22,42130482,C,A,CYP2D6_2.024
chr22,42130559,T,G,CYP2D6_2.024
chr22,42129130,C,G,CYP2D6_2.024
chr22,42129950,A,C,CYP2D6_2.024
chr22,42130047,G,C,CYP2D6_2.024
chr22,42132375,G,C,CYP2D6_2.024
chr22,42130571,G,T,CYP2D6_2.024
chr22,42130569,G,C,CYP2D6_2.024
chr22,42130547,T,C,CYP2D6_2.024
chr22,42127941,G,A,CYP2D6_2.024
chr22,42130560,C,G,CYP2D6_2.024
chr22,42130565,A,G,CYP2D6_2.024
chr22,42131531,G,A,CYP2D6_2.024
chr22,42131469,C,T,CYP2D6_2.024
chr22,42131531,G,A,CYP2D6_2.025
chr22,42130482,C,A,CYP2D6_2.025
chr22,42126611,C,G,CYP2D6_2.025
chr22,42132117,G,A,CYP2D6_2.025
chr22,42130051,GG,G,CYP2D6_2.025
chr22,42130967,C,T,CYP2D6_2.025
chr22,42129950,A,C,CYP2D6_2.025
chr22,42128216,G,T,CYP2D6_2.025
chr22,42130047,G,C,CYP2D6_2.025
chr22,42127941,G,A,CYP2D6_2.025
chr22,42127407,T,G,CYP2D6_2.025
chr22,42129130,C,G,CYP2D6_2.025
chr22,42128576,T,C,CYP2D6_2.025
chr22,42128668,G,A,CYP2D6_2.025
chr22,42129422,C,T,CYP2D6_2.025
chr22,42127407,T,G,CYP2D6_2.026
chr22,42127001,G,A,CYP2D6_2.026
chr22,42128576,T,C,CYP2D6_2.026
chr22,42127941,G,A,CYP2D6_2.026
chr22,42130051,GG,G,CYP2D6_2.026
chr22,42128216,G,T,CYP2D6_2.026
chr22,42127207,C,T,CYP2D6_2.026
chr22,42129950,A,C,CYP2D6_2.026
chr22,42126310,C,T,CYP2D6_2.026
chr22,42130047,G,C,CYP2D6_2.026
chr22,42129422,C,T,CYP2D6_2.026
chr22,42131531,G,A,CYP2D6_2.026
chr22,42130967,C,T,CYP2D6_2.026
chr22,42126611,C,G,CYP2D6_2.026
chr22,42132117,G,A,CYP2D6_2.026
chr22,42128668,G,A,CYP2D6_2.026
chr22,42130482,C,A,CYP2D6_2.026
chr22,42129130,C,G,CYP2D6_2.026
chr22,42130569,G,C,CYP2D6_2.027
chr22,42130547,T,C,CYP2D6_2.027
chr22,42131469,C,T,CYP2D6_2.027
chr22,42130560,C,G,CYP2D6_2.027
chr22,42130571,G,T,CYP2D6_2.027
chr22,42130578,C,G,CYP2D6_2.027
chr22,42126611,C,G,CYP2D6_2.027
chr22,42126310,C,T,CYP2D6_2.027
chr22,42130559,T,G,CYP2D6_2.027
chr22,42130565,A,G,CYP2D6_2.027
chr22,42130482,C,A,CYP2D6_2.027
chr22,42132375,G,C,CYP2D6_2.027
chr22,42130047,G,C,CYP2D6_2.027
chr22,42129950,A,C,CYP2D6_2.027
chr22,42129130,C,G,CYP2D6_2.027
chr22,42127941,G,A,CYP2D6_2.027
chr22,42127701,C,T,CYP2D6_2.027
chr22,42127407,T,G,CYP2D6_2.027
chr22,42127207,C,T,CYP2D6_2.027
chr22,42127001,G,A,CYP2D6_2.027
chr22,42131531,G,A,CYP2D6_2.027
chr22,42126611,C,G,CYP2D6_2.028
chr22,42127001,G,A,CYP2D6_2.028
chr22,42127207,C,T,CYP2D6_2.028
chr22,42127407,T,G,CYP2D6_2.028
chr22,42127941,G,A,CYP2D6_2.028
chr22,42128216,G,T,CYP2D6_2.028
chr22,42130559,T,G,CYP2D6_2.028
chr22,42130560,C,G,CYP2D6_2.028
chr22,42131531,G,A,CYP2D6_2.028
chr22,42130571,G,T,CYP2D6_2.028
chr22,42130565,A,G,CYP2D6_2.028
chr22,42130569,G,C,CYP2D6_2.028
chr22,42131484,ACACA,A,CYP2D6_2.028
chr22,42130578,C,G,CYP2D6_2.028
chr22,42130482,C,A,CYP2D6_2.028
chr22,42130047,G,C,CYP2D6_2.028
chr22,42129950,A,C,CYP2D6_2.028
chr22,42129524,C,A,CYP2D6_2.028
chr22,42129130,C,G,CYP2D6_2.028
chr22,42130547,T,C,CYP2D6_2.028
chr22,42132089,C,T,CYP2D6_2.029
chr22,42131531,G,A,CYP2D6_2.029
chr22,42130047,G,C,CYP2D6_2.029
chr22,42129950,A,C,CYP2D6_2.029
chr22,42129130,C,G,CYP2D6_2.029
chr22,42130482,C,A,CYP2D6_2.029
chr22,42128513,C,T,CYP2D6_2.029
chr22,42127941,G,A,CYP2D6_2.029
chr22,42127407,T,G,CYP2D6_2.029
chr22,42127207,C,T,CYP2D6_2.029
chr22,42127001,G,A,CYP2D6_2.029
chr22,42126758,G,A,CYP2D6_2.029
chr22,42126611,C,G,CYP2D6_2.029
chr22,42130565,A,G,CYP2D6_2.030
chr22,42130560,C,G,CYP2D6_2.030
chr22,42127941,G,A,CYP2D6_2.030
chr22,42130482,C,A,CYP2D6_2.030
chr22,42129130,C,G,CYP2D6_2.030
chr22,42130547,T,C,CYP2D6_2.030
chr22,42129214,G,A,CYP2D6_2.030
chr22,42129950,A,C,CYP2D6_2.030
chr22,42130047,G,C,CYP2D6_2.030
chr22,42127407,T,G,CYP2D6_2.030
chr22,42130571,G,T,CYP2D6_2.030
chr22,42130559,T,G,CYP2D6_2.030
chr22,42127207,C,T,CYP2D6_2.030
chr22,42130569,G,C,CYP2D6_2.030
chr22,42126310,C,T,CYP2D6_2.030
chr22,42126611,C,G,CYP2D6_2.030
chr22,42130578,C,G,CYP2D6_2.030
chr22,42131469,C,T,CYP2D6_2.030
chr22,42131531,G,A,CYP2D6_2.030
chr22,42127001,G,A,CYP2D6_2.030
chr22,42126611,C,G,CYP2D6_2.031
chr22,42131531,G,A,CYP2D6_2.031
chr22,42130482,C,A,CYP2D6_2.031
chr22,42130047,G,C,CYP2D6_2.031
chr22,42129950,A,C,CYP2D6_2.031
chr22,42128513,C,T,CYP2D6_2.031
chr22,42127941,G,A,CYP2D6_2.031
chr22,42127207,C,T,CYP2D6_2.031
chr22,42127001,G,A,CYP2D6_2.031
chr22,42126924,G,A,CYP2D6_2.031
chr22,42129130,C,G,CYP2D6_2.031
chr22,42127407,T,G,CYP2D6_2.031
chr22,42128513,C,T,CYP2D6_2.032
chr22,42129130,C,G,CYP2D6_2.032
chr22,42127207,C,T,CYP2D6_2.032
chr22,42127394,G,T,CYP2D6_2.032
chr22,42127941,G,A,CYP2D6_2.032
chr22,42127156,G,A,CYP2D6_2.032
chr22,42126611,C,G,CYP2D6_2.032
chr22,42126758,G,A,CYP2D6_2.032
chr22,42127001,G,A,CYP2D6_2.032
chr22,42127407,T,G,CYP2D6_2.032
chr22,42130482,C,A,CYP2D6_2.032
chr22,42131531,G,A,CYP2D6_2.032
chr22,42132089,C,T,CYP2D6_2.032
chr22,42130047,G,C,CYP2D6_2.032
chr22,42129950,A,C,CYP2D6_2.032
chr22,42127941,G,A,CYP2D6_2.033
chr22,42130571,G,T,CYP2D6_2.033
chr22,42131531,G,A,CYP2D6_2.033
chr22,42132375,G,C,CYP2D6_2.033
chr22,42127001,G,A,CYP2D6_2.033
chr22,42127207,C,T,CYP2D6_2.033
chr22,42126611,C,G,CYP2D6_2.033
chr22,42130482,C,A,CYP2D6_2.033
chr22,42130547,T,C,CYP2D6_2.033
chr22,42130569,G,C,CYP2D6_2.033
chr22,42127407,T,G,CYP2D6_2.033
chr22,42126310,C,T,CYP2D6_2.033
chr22,42130047,G,C,CYP2D6_2.033
chr22,42129130,C,G,CYP2D6_2.033
chr22,42130929,T,C,CYP2D6_2.033
chr22,42129950,A,C,CYP2D6_2.033
chr22,42130578,C,G,CYP2D6_2.033
chr22,42130559,T,G,CYP2D6_2.033
chr22,42130560,C,G,CYP2D6_2.033
chr22,42130565,A,G,CYP2D6_2.033
chr22,42130559,T,G,CYP2D6_2.034
chr22,42130547,T,C,CYP2D6_2.034
chr22,42130482,C,A,CYP2D6_2.034
chr22,42130565,A,G,CYP2D6_2.034
chr22,42130047,G,C,CYP2D6_2.034
chr22,42129950,A,C,CYP2D6_2.034
chr22,42129130,C,G,CYP2D6_2.034
chr22,42129303,T,G,CYP2D6_2.034
chr22,42128130,C,T,CYP2D6_2.034
chr22,42127001,G,A,CYP2D6_2.034
chr22,42127207,C,T,CYP2D6_2.034
chr22,42127407,T,G,CYP2D6_2.034
chr22,42127941,G,A,CYP2D6_2.034
chr22,42129436,A,G,CYP2D6_2.034
chr22,42130560,C,G,CYP2D6_2.034
chr22,42130569,G,C,CYP2D6_2.034
chr22,42126763,G,T,CYP2D6_2.034
chr22,42126611,C,G,CYP2D6_2.034
chr22,42130578,C,G,CYP2D6_2.034
chr22,42131531,G,A,CYP2D6_2.034
chr22,42130571,G,T,CYP2D6_2.034
chr22,42130559,T,G,CYP2D6_2.035
chr22,42130547,T,C,CYP2D6_2.035
chr22,42130482,C,A,CYP2D6_2.035
chr22,42130390,G,A,CYP2D6_2.035
chr22,42130047,G,C,CYP2D6_2.035
chr22,42129950,A,C,CYP2D6_2.035
chr22,42129130,C,G,CYP2D6_2.035
chr22,42127941,G,A,CYP2D6_2.035
chr22,42131469,C,T,CYP2D6_2.035
chr22,42127207,C,T,CYP2D6_2.035
chr22,42131531,G,A,CYP2D6_2.035
chr22,42127001,G,A,CYP2D6_2.035
chr22,42126611,C,G,CYP2D6_2.035
chr22,42126310,C,T,CYP2D6_2.035
chr22,42132375,G,C,CYP2D6_2.035
chr22,42130565,A,G,CYP2D6_2.035
chr22,42130569,G,C,CYP2D6_2.035
chr22,42130571,G,T,CYP2D6_2.035
chr22,42130560,C,G,CYP2D6_2.035
chr22,42127407,T,G,CYP2D6_2.035
chr22,42130578,C,G,CYP2D6_2.035
chr22,42127207,C,T,CYP2D6_2.036
chr22,42127001,G,A,CYP2D6_2.036
chr22,42126611,C,G,CYP2D6_2.036
chr22,42132089,C,T,CYP2D6_2.036
chr22,42131531,G,A,CYP2D6_2.036
chr22,42130482,C,A,CYP2D6_2.036
chr22,42130047,G,C,CYP2D6_2.036
chr22,42129950,A,C,CYP2D6_2.036
chr22,42129130,C,G,CYP2D6_2.036
chr22,42127941,G,A,CYP2D6_2.036
chr22,42127407,T,G,CYP2D6_2.036
chr22,42132247,G,A,CYP2D6_2.036
chr22,42130569,G,C,CYP2D6_2.037
chr22,42130047,G,C,CYP2D6_2.037
chr22,42131469,C,T,CYP2D6_2.037
chr22,42126310,C,T,CYP2D6_2.037
chr22,42126611,C,G,CYP2D6_2.037
chr22,42127001,G,A,CYP2D6_2.037
chr22,42127207,C,T,CYP2D6_2.037
chr22,42127407,T,G,CYP2D6_2.037
chr22,42130578,C,G,CYP2D6_2.037
chr22,42129130,C,G,CYP2D6_2.037
chr22,42129278,G,A,CYP2D6_2.037
chr22,42129950,A,C,CYP2D6_2.037
chr22,42130482,C,A,CYP2D6_2.037
chr22,42130547,T,C,CYP2D6_2.037
chr22,42130559,T,G,CYP2D6_2.037
chr22,42127941,G,A,CYP2D6_2.037
chr22,42130565,A,G,CYP2D6_2.037
chr22,42132375,G,C,CYP2D6_2.037
chr22,42130571,G,T,CYP2D6_2.037
chr22,42130560,C,G,CYP2D6_2.037
chr22,42131531,G,A,CYP2D6_2.037
chr22,42128241,CT,C,CYP2D6_3
chr22,42128241,CT,C,CYP2D6_3.001
chr22,42129042,T,C,CYP2D6_3.002
chr22,42128241,CT,C,CYP2D6_3.002
chr22,42130594,C,T,CYP2D6_3.003
chr22,42128241,CT,C,CYP2D6_3.003
chr22,42128945,C,T,CYP2D6_4
chr22,42129796,G,C,CYP2D6_4.001
chr22,42129130,C,G,CYP2D6_4.001
chr22,42127209,T,C,CYP2D6_4.001
chr22,42126611,C,G,CYP2D6_4.001
chr22,42127407,T,G,CYP2D6_4.001
chr22,42128694,T,C,CYP2D6_4.001
chr22,42126390,G,A,CYP2D6_4.001
chr22,42128945,C,T,CYP2D6_4.001
chr22,42130482,C,A,CYP2D6_4.001
chr22,42132217,G,A,CYP2D6_4.001
chr22,42131791,C,T,CYP2D6_4.001
chr22,42129819,G,T,CYP2D6_4.001
chr22,42129950,A,C,CYP2D6_4.001
chr22,42130047,G,C,CYP2D6_4.001
chr22,42129809,T,C,CYP2D6_4.001
chr22,42130692,G,A,CYP2D6_4.001
chr22,42129796,G,C,CYP2D6_4.002
chr22,42129809,T,C,CYP2D6_4.002
chr22,42128945,C,T,CYP2D6_4.002
chr22,42126611,C,G,CYP2D6_4.002
chr22,42130692,G,A,CYP2D6_4.002
chr22,42129819,G,T,CYP2D6_4.002
chr22,42126611,C,G,CYP2D6_4.003
chr22,42126904,A,G,CYP2D6_4.003
chr22,42128945,C,T,CYP2D6_4.003
chr22,42129130,C,G,CYP2D6_4.003
chr22,42130692,G,A,CYP2D6_4.003
chr22,42127407,T,G,CYP2D6_4.004
chr22,42126390,G,A,CYP2D6_4.004
chr22,42128694,T,C,CYP2D6_4.004
chr22,42132217,G,A,CYP2D6_4.004
chr22,42128945,C,T,CYP2D6_4.004
chr22,42129130,C,G,CYP2D6_4.004
chr22,42131791,C,T,CYP2D6_4.004
chr22,42129754,G,A,CYP2D6_4.004
chr22,42129950,A,C,CYP2D6_4.004
chr22,42127209,T,C,CYP2D6_4.004
chr22,42126611,C,G,CYP2D6_4.004
chr22,42130692,G,A,CYP2D6_4.004
chr22,42130482,C,A,CYP2D6_4.004
chr22,42126611,C,G,CYP2D6_4.005
chr22,42129130,C,G,CYP2D6_4.005
chr22,42130692,G,A,CYP2D6_4.005
chr22,42128945,C,T,CYP2D6_4.005
chr22,42129796,G,C,CYP2D6_4.006
chr22,42129130,C,G,CYP2D6_4.006
chr22,42128945,C,T,CYP2D6_4.006
chr22,42128933,G,A,CYP2D6_4.006
chr22,42129819,G,T,CYP2D6_4.006
chr22,42130692,G,A,CYP2D6_4.006
chr22,42129809,T,C,CYP2D6_4.006
chr22,42126611,C,G,CYP2D6_4.006
chr22,42130692,G,A,CYP2D6_4.007
chr22,42129819,G,T,CYP2D6_4.007
chr22,42129809,T,C,CYP2D6_4.007
chr22,42126611,C,G,CYP2D6_4.007
chr22,42127853,G,A,CYP2D6_4.007
chr22,42128945,C,T,CYP2D6_4.007
chr22,42129130,C,G,CYP2D6_4.007
chr22,42129796,G,C,CYP2D6_4.007
chr22,42130047,G,C,CYP2D6_4.008
chr22,42132217,G,A,CYP2D6_4.008
chr22,42131791,C,T,CYP2D6_4.008
chr22,42130692,G,A,CYP2D6_4.008
chr22,42130482,C,A,CYP2D6_4.008
chr22,42129950,A,C,CYP2D6_4.008
chr22,42129819,G,T,CYP2D6_4.008
chr22,42129809,T,C,CYP2D6_4.008
chr22,42129796,G,C,CYP2D6_4.008
chr22,42129130,C,G,CYP2D6_4.008
chr22,42128945,C,T,CYP2D6_4.008
chr22,42127407,T,G,CYP2D6_4.008
chr22,42127209,T,C,CYP2D6_4.008
chr22,42126914,C,G,CYP2D6_4.008
chr22,42128694,T,C,CYP2D6_4.008
chr22,42126611,C,G,CYP2D6_4.008
chr22,42126390,G,A,CYP2D6_4.008
chr22,42128945,C,T,CYP2D6_4.009
chr22,42129130,C,G,CYP2D6_4.009
chr22,42129796,G,C,CYP2D6_4.009
chr22,42129809,T,C,CYP2D6_4.009
chr22,42129819,G,T,CYP2D6_4.009
chr22,42130692,G,A,CYP2D6_4.009
chr22,42126611,C,G,CYP2D6_4.010
chr22,42127941,G,A,CYP2D6_4.010
chr22,42129130,C,G,CYP2D6_4.010
chr22,42130692,G,A,CYP2D6_4.010
chr22,42128945,C,T,CYP2D6_4.010
chr22,42130692,G,A,CYP2D6_4.011
chr22,42129796,G,C,CYP2D6_4.011
chr22,42129130,C,G,CYP2D6_4.011
chr22,42128945,C,T,CYP2D6_4.011
chr22,42126611,C,G,CYP2D6_4.011
chr22,42126390,G,A,CYP2D6_4.012
chr22,42127209,T,C,CYP2D6_4.012
chr22,42128694,T,C,CYP2D6_4.012
chr22,42129950,A,C,CYP2D6_4.012
chr22,42128945,C,T,CYP2D6_4.012
chr22,42127407,T,G,CYP2D6_4.012
chr22,42130047,G,C,CYP2D6_4.012
chr22,42129130,C,G,CYP2D6_4.012
chr22,42129796,G,C,CYP2D6_4.012
chr22,42129809,T,C,CYP2D6_4.012
chr22,42129819,G,T,CYP2D6_4.012
chr22,42126611,C,G,CYP2D6_4.013
chr22,42126619,GAAAGCAAAGACACCATGGTGGCTGGGCCGGGGCTGTCCAGTGGGCACC,AAAGCTGACGACACGAGAGTGGCTGGGCCGGGGCTGTCCGGCGGCCACG,CYP2D6_4.013
chr22,42127209,T,C,CYP2D6_4.013
chr22,42127407,T,G,CYP2D6_4.013
chr22,42131791,C,T,CYP2D6_4.013
chr22,42129796,G,C,CYP2D6_4.013
chr22,42132217,G,A,CYP2D6_4.013
chr22,42129809,T,C,CYP2D6_4.013
chr22,42130047,G,C,CYP2D6_4.013
chr22,42128694,T,C,CYP2D6_4.013
chr22,42126390,G,A,CYP2D6_4.013
chr22,42129819,G,T,CYP2D6_4.013
chr22,42130692,G,A,CYP2D6_4.013
chr22,42130482,C,A,CYP2D6_4.013
chr22,42128945,C,T,CYP2D6_4.013
chr22,42129130,C,G,CYP2D6_4.013
chr22,42129950,A,C,CYP2D6_4.013
chr22,42129130,C,G,CYP2D6_4.014
chr22,42129950,A,C,CYP2D6_4.014
chr22,42129819,G,T,CYP2D6_4.014
chr22,42128945,C,T,CYP2D6_4.014
chr22,42126390,G,A,CYP2D6_4.014
chr22,42128694,T,C,CYP2D6_4.014
chr22,42128215,G,A,CYP2D6_4.014
chr22,42127407,T,G,CYP2D6_4.014
chr22,42127356,G,T,CYP2D6_4.014
chr22,42127209,T,C,CYP2D6_4.014
chr22,42126611,C,G,CYP2D6_4.014
chr22,42130482,C,A,CYP2D6_4.014
chr22,42129809,T,C,CYP2D6_4.014
chr22,42132217,G,A,CYP2D6_4.014
chr22,42130047,G,C,CYP2D6_4.014
chr22,42129796,G,C,CYP2D6_4.014
chr22,42130692,G,A,CYP2D6_4.014
chr22,42131791,C,T,CYP2D6_4.014
chr22,42126611,C,G,CYP2D6_4.015
chr22,42132217,G,A,CYP2D6_4.015
chr22,42131791,C,T,CYP2D6_4.015
chr22,42127209,T,C,CYP2D6_4.015
chr22,42127356,G,T,CYP2D6_4.015
chr22,42127407,T,G,CYP2D6_4.015
chr22,42128694,T,C,CYP2D6_4.015
chr22,42130692,G,A,CYP2D6_4.015
chr22,42130482,C,A,CYP2D6_4.015
chr22,42130047,G,C,CYP2D6_4.015
chr22,42128945,C,T,CYP2D6_4.015
chr22,42129130,C,G,CYP2D6_4.015
chr22,42129796,G,C,CYP2D6_4.015
chr22,42129809,T,C,CYP2D6_4.015
chr22,42129819,G,T,CYP2D6_4.015
chr22,42129950,A,C,CYP2D6_4.015
chr22,42126390,G,A,CYP2D6_4.015
chr22,42127407,T,G,CYP2D6_4.016
chr22,42129809,T,C,CYP2D6_4.016
chr22,42129819,G,T,CYP2D6_4.016
chr22,42130692,G,A,CYP2D6_4.016
chr22,42131791,C,T,CYP2D6_4.016
chr22,42129796,G,C,CYP2D6_4.016
chr22,42129130,C,G,CYP2D6_4.016
chr22,42128945,C,T,CYP2D6_4.016
chr22,42132217,G,A,CYP2D6_4.016
chr22,42128694,T,C,CYP2D6_4.016
chr22,42126611,C,G,CYP2D6_4.016
chr22,42126548,G,A,CYP2D6_4.016
chr22,42126390,G,A,CYP2D6_4.016
chr22,42130482,C,A,CYP2D6_4.016
chr22,42129950,A,C,CYP2D6_4.016
chr22,42130047,G,C,CYP2D6_4.016
chr22,42127209,T,C,CYP2D6_4.016
chr22,42128945,C,T,CYP2D6_4.017
chr22,42126611,C,G,CYP2D6_4.017
chr22,42127209,T,C,CYP2D6_4.017
chr22,42127407,T,G,CYP2D6_4.017
chr22,42128694,T,C,CYP2D6_4.017
chr22,42129130,C,G,CYP2D6_4.017
chr22,42129796,G,C,CYP2D6_4.017
chr22,42129809,T,C,CYP2D6_4.017
chr22,42126390,G,A,CYP2D6_4.017
chr22,42132217,G,A,CYP2D6_4.017
chr22,42129950,A,C,CYP2D6_4.017
chr22,42130047,G,C,CYP2D6_4.017
chr22,42130368,G,A,CYP2D6_4.017
chr22,42130482,C,A,CYP2D6_4.017
chr22,42130692,G,A,CYP2D6_4.017
chr22,42131791,C,T,CYP2D6_4.017
chr22,42129819,G,T,CYP2D6_4.017
chr22,42127209,T,C,CYP2D6_4.018
chr22,42127407,T,G,CYP2D6_4.018
chr22,42128694,T,C,CYP2D6_4.018
chr22,42128945,C,T,CYP2D6_4.018
chr22,42129130,C,G,CYP2D6_4.018
chr22,42129731,T,C,CYP2D6_4.018
chr22,42129796,G,C,CYP2D6_4.018
chr22,42132217,G,A,CYP2D6_4.018
chr22,42129950,A,C,CYP2D6_4.018
chr22,42130047,G,C,CYP2D6_4.018
chr22,42126390,G,A,CYP2D6_4.018
chr22,42130482,C,A,CYP2D6_4.018
chr22,42130692,G,A,CYP2D6_4.018
chr22,42131791,C,T,CYP2D6_4.018
chr22,42129819,G,T,CYP2D6_4.018
chr22,42126611,C,G,CYP2D6_4.018
chr22,42129809,T,C,CYP2D6_4.018
chr22,42126611,C,G,CYP2D6_4.019
chr22,42126390,G,A,CYP2D6_4.019
chr22,42131791,C,T,CYP2D6_4.019
chr22,42130692,G,A,CYP2D6_4.019
chr22,42130482,C,A,CYP2D6_4.019
chr22,42129950,A,C,CYP2D6_4.019
chr22,42129754,G,A,CYP2D6_4.019
chr22,42132217,G,A,CYP2D6_4.019
chr22,42128945,C,T,CYP2D6_4.019
chr22,42128694,T,C,CYP2D6_4.019
chr22,42127407,T,G,CYP2D6_4.019
chr22,42127398,A,G,CYP2D6_4.019
chr22,42127209,T,C,CYP2D6_4.019
chr22,42129130,C,G,CYP2D6_4.019
chr22,42129950,A,C,CYP2D6_4.020
chr22,42126390,G,A,CYP2D6_4.020
chr22,42126611,C,G,CYP2D6_4.020
chr22,42127209,T,C,CYP2D6_4.020
chr22,42128945,C,T,CYP2D6_4.020
chr22,42128694,T,C,CYP2D6_4.020
chr22,42129130,C,G,CYP2D6_4.020
chr22,42129152,C,A,CYP2D6_4.020
chr22,42129796,G,C,CYP2D6_4.020
chr22,42130047,G,C,CYP2D6_4.020
chr22,42127407,T,G,CYP2D6_4.020
chr22,42129809,T,C,CYP2D6_4.020
chr22,42129819,G,T,CYP2D6_4.020
chr22,42132217,G,A,CYP2D6_4.020
chr22,42131791,C,T,CYP2D6_4.020
chr22,42130692,G,A,CYP2D6_4.020
chr22,42130482,C,A,CYP2D6_4.020
chr22,42129809,T,C,CYP2D6_4.021
chr22,42132217,G,A,CYP2D6_4.021
chr22,42131791,C,T,CYP2D6_4.021
chr22,42130692,G,A,CYP2D6_4.021
chr22,42129819,G,T,CYP2D6_4.021
chr22,42130482,C,A,CYP2D6_4.021
chr22,42129130,C,G,CYP2D6_4.021
chr22,42126390,G,A,CYP2D6_4.021
chr22,42129796,G,C,CYP2D6_4.021
chr22,42129950,A,C,CYP2D6_4.021
chr22,42128945,C,T,CYP2D6_4.021
chr22,42128694,T,C,CYP2D6_4.021
chr22,42130047,G,C,CYP2D6_4.021
chr22,42127407,T,G,CYP2D6_4.021
chr22,42127526,C,T,CYP2D6_4.021
chr22,42127209,T,C,CYP2D6_4.021
chr22,42126611,C,G,CYP2D6_4.021
chr22,42130482,C,A,CYP2D6_4.022
chr22,42129950,A,C,CYP2D6_4.022
chr22,42129809,T,C,CYP2D6_4.022
chr22,42130692,G,A,CYP2D6_4.022
chr22,42129796,G,C,CYP2D6_4.022
chr22,42131791,C,T,CYP2D6_4.022
chr22,42129130,C,G,CYP2D6_4.022
chr22,42126611,C,G,CYP2D6_4.022
chr22,42127209,T,C,CYP2D6_4.022
chr22,42127407,T,G,CYP2D6_4.022
chr22,42130047,G,C,CYP2D6_4.022
chr22,42129819,G,T,CYP2D6_4.022
chr22,42128945,C,T,CYP2D6_4.022
chr22,42126462,G,A,CYP2D6_4.022
chr22,42126390,G,A,CYP2D6_4.022
chr22,42128694,T,C,CYP2D6_4.022
chr22,42132217,G,A,CYP2D6_4.022
chr22,42126390,G,A,CYP2D6_4.023
chr22,42126611,C,G,CYP2D6_4.023
chr22,42129809,T,C,CYP2D6_4.023
chr22,42126690,G,C,CYP2D6_4.023
chr22,42127209,T,C,CYP2D6_4.023
chr22,42127407,T,G,CYP2D6_4.023
chr22,42128945,C,T,CYP2D6_4.023
chr22,42129130,C,G,CYP2D6_4.023
chr22,42131791,C,T,CYP2D6_4.023
chr22,42130692,G,A,CYP2D6_4.023
chr22,42130482,C,A,CYP2D6_4.023
chr22,42130047,G,C,CYP2D6_4.023
chr22,42129950,A,C,CYP2D6_4.023
chr22,42129819,G,T,CYP2D6_4.023
chr22,42128694,T,C,CYP2D6_4.023
chr22,42132217,G,A,CYP2D6_4.023
chr22,42129796,G,C,CYP2D6_4.023
chr22,42130482,C,A,CYP2D6_4.024
chr22,42131791,C,T,CYP2D6_4.024
chr22,42130692,G,A,CYP2D6_4.024
chr22,42130047,G,C,CYP2D6_4.024
chr22,42129950,A,C,CYP2D6_4.024
chr22,42126390,G,A,CYP2D6_4.024
chr22,42129819,G,T,CYP2D6_4.024
chr22,42129809,T,C,CYP2D6_4.024
chr22,42129796,G,C,CYP2D6_4.024
chr22,42132217,G,A,CYP2D6_4.024
chr22,42128945,C,T,CYP2D6_4.024
chr22,42128694,T,C,CYP2D6_4.024
chr22,42129130,C,G,CYP2D6_4.024
chr22,42126611,C,G,CYP2D6_4.024
chr22,42127719,G,A,CYP2D6_4.024
chr22,42127407,T,G,CYP2D6_4.024
chr22,42127209,T,C,CYP2D6_4.024
chr22,42129796,G,C,CYP2D6_4.025
chr22,42126390,G,A,CYP2D6_4.025
chr22,42132217,G,A,CYP2D6_4.025
chr22,42126611,C,G,CYP2D6_4.025
chr22,42127209,T,C,CYP2D6_4.025
chr22,42127407,T,G,CYP2D6_4.025
chr22,42128694,T,C,CYP2D6_4.025
chr22,42131791,C,T,CYP2D6_4.025
chr22,42129130,C,G,CYP2D6_4.025
chr22,42130692,G,A,CYP2D6_4.025
chr22,42130482,C,A,CYP2D6_4.025
chr22,42130047,G,C,CYP2D6_4.025
chr22,42129950,A,C,CYP2D6_4.025
chr22,42129819,G,T,CYP2D6_4.025
chr22,42129043,G,A,CYP2D6_4.025
chr22,42129809,T,C,CYP2D6_4.025
chr22,42128945,C,T,CYP2D6_4.025
chr22,42132217,G,A,CYP2D6_4.026
chr22,42129809,T,C,CYP2D6_4.026
chr22,42130692,G,A,CYP2D6_4.026
chr22,42126390,G,A,CYP2D6_4.026
chr22,42126611,C,G,CYP2D6_4.026
chr22,42127209,T,C,CYP2D6_4.026
chr22,42127407,T,G,CYP2D6_4.026
chr22,42128694,T,C,CYP2D6_4.026
chr22,42128945,C,T,CYP2D6_4.026
chr22,42131791,C,T,CYP2D6_4.026
chr22,42129130,C,G,CYP2D6_4.026
chr22,42129796,G,C,CYP2D6_4.026
chr22,42129819,G,T,CYP2D6_4.026
chr22,42129950,A,C,CYP2D6_4.026
chr22,42130047,G,C,CYP2D6_4.026
chr22,42130482,C,A,CYP2D6_4.026
chr22,42129388,G,A,CYP2D6_4.026
chr22,42129754,G,A,CYP2D6_4.027
chr22,42129950,A,C,CYP2D6_4.027
chr22,42129130,C,G,CYP2D6_4.027
chr22,42130482,C,A,CYP2D6_4.027
chr22,42132217,G,A,CYP2D6_4.027
chr22,42131791,C,T,CYP2D6_4.027
chr22,42128945,C,T,CYP2D6_4.027
chr22,42130692,G,A,CYP2D6_4.027
chr22,42128694,T,C,CYP2D6_4.027
chr22,42130692,G,A,CYP2D6_4.028
chr22,42131791,C,T,CYP2D6_4.028
chr22,42128945,C,T,CYP2D6_4.028
chr22,42129754,G,A,CYP2D6_4.028
chr22,42129950,A,C,CYP2D6_4.028
chr22,42130482,C,A,CYP2D6_4.028
chr22,42128694,T,C,CYP2D6_4.028
chr22,42132217,G,A,CYP2D6_4.028
chr22,42127407,T,G,CYP2D6_4.028
chr22,42127209,T,C,CYP2D6_4.028
chr22,42126722,G,T,CYP2D6_4.028
chr22,42126611,C,G,CYP2D6_4.028
chr22,42129130,C,G,CYP2D6_4.028
chr22,42126390,G,A,CYP2D6_4.028
chr22,42129819,G,T,CYP2D6_4.029
chr22,42131791,C,T,CYP2D6_4.029
chr22,42132217,G,A,CYP2D6_4.029
chr22,42130692,G,A,CYP2D6_4.029
chr22,42130482,C,A,CYP2D6_4.029
chr22,42129796,G,C,CYP2D6_4.029
chr22,42126390,G,A,CYP2D6_4.029
chr22,42126611,C,G,CYP2D6_4.029
chr22,42127209,T,C,CYP2D6_4.029
chr22,42127407,T,G,CYP2D6_4.029
chr22,42129809,T,C,CYP2D6_4.029
chr22,42128945,C,T,CYP2D6_4.029
chr22,42128694,T,C,CYP2D6_4.029
chr22,42130047,G,C,CYP2D6_4.029
chr22,42129130,C,G,CYP2D6_4.029
chr22,42129450,G,A,CYP2D6_4.029
chr22,42129950,A,C,CYP2D6_4.029
chr22,42127209,T,C,CYP2D6_4.030
chr22,42127407,T,G,CYP2D6_4.030
chr22,42128945,C,T,CYP2D6_4.030
chr22,42129130,C,G,CYP2D6_4.030
chr22,42128694,T,C,CYP2D6_4.030
chr22,42130047,G,C,CYP2D6_4.030
chr22,42129796,G,C,CYP2D6_4.030
chr22,42130482,C,A,CYP2D6_4.030
chr22,42130692,G,A,CYP2D6_4.030
chr22,42126611,C,G,CYP2D6_4.030
chr22,42130368,G,A,CYP2D6_4.030
chr22,42128774,C,T,CYP2D6_4.030
chr22,42128771,T,C,CYP2D6_4.030
chr22,42132217,G,A,CYP2D6_4.030
chr22,42128763,CCTCGGTCTC,C,CYP2D6_4.030
chr22,42131791,C,T,CYP2D6_4.030
chr22,42129809,T,C,CYP2D6_4.030
chr22,42129819,G,T,CYP2D6_4.030
chr22,42129950,A,C,CYP2D6_4.030
chr22,42126390,G,A,CYP2D6_4.030
chr22,42130692,G,A,CYP2D6_4.031
chr22,42126390,G,A,CYP2D6_4.031
chr22,42128694,T,C,CYP2D6_4.031
chr22,42126611,C,G,CYP2D6_4.031
chr22,42126619,GAAAGCAAAGACACCATGGTGGCTGGGCCGGGGCTGTCCAGTGGGCACC,AAAGCTGACGACACGAGAGTGGCTGGGCCGGGGCTGTCCGGCGGCCACG,CYP2D6_4.031
chr22,42129950,A,C,CYP2D6_4.031
chr22,42130047,G,C,CYP2D6_4.031
chr22,42130482,C,A,CYP2D6_4.031
chr22,42126548,G,A,CYP2D6_4.031
chr22,42129130,C,G,CYP2D6_4.031
chr22,42128945,C,T,CYP2D6_4.031
chr22,42129796,G,C,CYP2D6_4.031
chr22,42129809,T,C,CYP2D6_4.031
chr22,42131791,C,T,CYP2D6_4.031
chr22,42132217,G,A,CYP2D6_4.031
chr22,42129819,G,T,CYP2D6_4.031
chr22,42128380,C,T,CYP2D6_4.031
chr22,42128399,C,T,CYP2D6_4.031
chr22,42128406,A,C,CYP2D6_4.031
chr22,42128367,G,C,CYP2D6_4.031
chr22,42129819,G,T,CYP2D6_4.032
chr22,42129950,A,C,CYP2D6_4.032
chr22,42128753,T,G,CYP2D6_4.032
chr22,42128694,T,C,CYP2D6_4.032
chr22,42129796,G,C,CYP2D6_4.032
chr22,42130047,G,C,CYP2D6_4.032
chr22,42130482,C,A,CYP2D6_4.032
chr22,42130692,G,A,CYP2D6_4.032
chr22,42131791,C,T,CYP2D6_4.032
chr22,42126390,G,A,CYP2D6_4.032
chr22,42130993,C,T,CYP2D6_4.032
chr22,42129809,T,C,CYP2D6_4.032
chr22,42127209,T,C,CYP2D6_4.032
chr22,42127407,T,G,CYP2D6_4.032
chr22,42128945,C,T,CYP2D6_4.032
chr22,42129130,C,G,CYP2D6_4.032
chr22,42126611,C,G,CYP2D6_4.032
chr22,42132217,G,A,CYP2D6_4.032
chr22,42129796,G,C,CYP2D6_4.033
chr22,42132217,G,A,CYP2D6_4.033
chr22,42130993,C,T,CYP2D6_4.033
chr22,42129809,T,C,CYP2D6_4.033
chr22,42130482,C,A,CYP2D6_4.033
chr22,42129130,C,G,CYP2D6_4.033
chr22,42129819,G,T,CYP2D6_4.033
chr22,42129950,A,C,CYP2D6_4.033
chr22,42128945,C,T,CYP2D6_4.033
chr22,42128694,T,C,CYP2D6_4.033
chr22,42127407,T,G,CYP2D6_4.033
chr22,42130692,G,A,CYP2D6_4.033
chr22,42131791,C,T,CYP2D6_4.033
chr22,42130047,G,C,CYP2D6_4.033
chr22,42126390,G,C,CYP2D6_4.033
chr22,42126611,C,G,CYP2D6_4.033
chr22,42127209,T,C,CYP2D6_4.033
chr22,42128945,C,T,CYP2D6_4.034
chr22,42130482,C,A,CYP2D6_4.035
chr22,42132217,G,A,CYP2D6_4.035
chr22,42131791,C,T,CYP2D6_4.035
chr22,42130692,G,A,CYP2D6_4.035
chr22,42126390,G,A,CYP2D6_4.035
chr22,42127209,T,C,CYP2D6_4.035
chr22,42127407,T,G,CYP2D6_4.035
chr22,42127631,C,T,CYP2D6_4.035
chr22,42131632,C,G,CYP2D6_4.035
chr22,42128945,C,T,CYP2D6_4.035
chr22,42129130,C,G,CYP2D6_4.035
chr22,42129754,G,A,CYP2D6_4.035
chr22,42129950,A,C,CYP2D6_4.035
chr22,42126611,C,G,CYP2D6_4.035
chr22,42128694,T,C,CYP2D6_4.035
chr22,42129083,CA,C,CYP2D6_6
chr22,42129083,CA,C,CYP2D6_6.001
chr22,42130343,T,G,CYP2D6_6.001
chr22,42129083,CA,C,CYP2D6_6.002
chr22,42128815,C,T,CYP2D6_6.002
chr22,42126611,C,G,CYP2D6_6.003
chr22,42128815,C,T,CYP2D6_6.003
chr22,42129083,CA,C,CYP2D6_6.003
chr22,42130343,T,G,CYP2D6_6.004
chr22,42129083,CA,C,CYP2D6_6.004
chr22,42127503,C,T,CYP2D6_6.004
chr22,42129545,G,A,CYP2D6_6.005
chr22,42128815,C,T,CYP2D6_6.005
chr22,42129083,CA,C,CYP2D6_6.005
chr22,42129545,G,A,CYP2D6_6.006
chr22,42129083,CA,C,CYP2D6_6.006
chr22,42128815,C,T,CYP2D6_6.006
chr22,42131525,ACTTA,A,CYP2D6_6.006
chr22,42127856,T,G,CYP2D6_7
chr22,42127856,T,G,CYP2D6_7.001
chr22,42126611,C,G,CYP2D6_8
chr22,42127941,G,A,CYP2D6_8
chr22,42129033,C,A,CYP2D6_8
chr22,42129130,C,G,CYP2D6_8.001
chr22,42129033,C,A,CYP2D6_8.001
chr22,42127941,G,A,CYP2D6_8.001
chr22,42126611,C,G,CYP2D6_8.001
chr22,42128175,TTCT,T,CYP2D6_9
chr22,42128175,TTCT,T,CYP2D6_9.001
chr22,42128175,TTCT,T,CYP2D6_9.002
chr22,42127313,T,C,CYP2D6_9.002
chr22,42127307,C,T,CYP2D6_9.002
chr22,42126611,C,G,CYP2D6_10
chr22,42130692,G,A,CYP2D6_10
chr22,42130692,G,A,CYP2D6_10.001
chr22,42129130,C,G,CYP2D6_10.001
chr22,42126611,C,G,CYP2D6_10.001
chr22,42129754,G,A,CYP2D6_10.002
chr22,42129130,C,G,CYP2D6_10.002
chr22,42128694,T,C,CYP2D6_10.002
chr22,42127407,T,G,CYP2D6_10.002
chr22,42127209,T,C,CYP2D6_10.002
chr22,42126611,C,G,CYP2D6_10.002
chr22,42126390,G,A,CYP2D6_10.002
chr22,42129950,A,C,CYP2D6_10.002
chr22,42130482,C,A,CYP2D6_10.002
chr22,42130692,G,A,CYP2D6_10.002
chr22,42131791,C,T,CYP2D6_10.002
chr22,42132217,G,A,CYP2D6_10.002
chr22,42130692,G,A,CYP2D6_10.003
chr22,42131791,C,T,CYP2D6_10.003
chr22,42132217,G,A,CYP2D6_10.003
chr22,42127209,T,C,CYP2D6_10.003
chr22,42129950,A,C,CYP2D6_10.003
chr22,42129130,C,G,CYP2D6_10.003
chr22,42128694,T,C,CYP2D6_10.003
chr22,42127407,T,G,CYP2D6_10.003
chr22,42130482,C,A,CYP2D6_10.003
chr22,42126611,C,G,CYP2D6_10.003
chr22,42129754,G,A,CYP2D6_10.003
chr22,42126347,T,C,CYP2D6_10.003
chr22,42126390,G,A,CYP2D6_10.004
chr22,42132217,G,A,CYP2D6_10.004
chr22,42131791,C,T,CYP2D6_10.004
chr22,42130692,G,A,CYP2D6_10.004
chr22,42129130,C,G,CYP2D6_10.004
chr22,42130047,G,C,CYP2D6_10.004
chr22,42130482,C,A,CYP2D6_10.004
chr22,42127407,T,G,CYP2D6_10.004
chr22,42129950,A,C,CYP2D6_10.004
chr22,42128694,T,C,CYP2D6_10.004
chr22,42127209,T,C,CYP2D6_10.004
chr22,42129754,G,A,CYP2D6_10.004
chr22,42126611,C,G,CYP2D6_10.004
chr22,42129950,A,C,CYP2D6_10.005
chr22,42129754,G,A,CYP2D6_10.005
chr22,42129130,C,G,CYP2D6_10.005
chr22,42132217,G,A,CYP2D6_10.005
chr22,42130440,A,G,CYP2D6_10.005
chr22,42130692,G,A,CYP2D6_10.005
chr22,42128694,T,C,CYP2D6_10.005
chr22,42127407,T,G,CYP2D6_10.005
chr22,42127209,T,C,CYP2D6_10.005
chr22,42126611,C,G,CYP2D6_10.005
chr22,42126390,G,A,CYP2D6_10.005
chr22,42131791,C,T,CYP2D6_10.005
chr22,42130482,C,A,CYP2D6_10.005
chr22,42127209,T,C,CYP2D6_10.006
chr22,42127407,T,G,CYP2D6_10.006
chr22,42128694,T,C,CYP2D6_10.006
chr22,42129130,C,G,CYP2D6_10.006
chr22,42126390,G,A,CYP2D6_10.006
chr22,42129513,T,G,CYP2D6_10.006
chr22,42126611,C,G,CYP2D6_10.006
chr22,42129950,A,C,CYP2D6_10.006
chr22,42130482,C,A,CYP2D6_10.006
chr22,42130692,G,A,CYP2D6_10.006
chr22,42131791,C,T,CYP2D6_10.006
chr22,42132217,G,A,CYP2D6_10.006
chr22,42129754,G,A,CYP2D6_10.006
chr22,42131791,C,T,CYP2D6_10.007
chr22,42130692,G,A,CYP2D6_10.007
chr22,42130482,C,A,CYP2D6_10.007
chr22,42132217,G,A,CYP2D6_10.007
chr22,42129754,G,A,CYP2D6_10.007
chr22,42129130,C,G,CYP2D6_10.007
chr22,42128694,T,C,CYP2D6_10.007
chr22,42127209,T,C,CYP2D6_10.007
chr22,42126611,C,G,CYP2D6_10.007
chr22,42126390,G,A,CYP2D6_10.007
chr22,42127407,T,G,CYP2D6_10.007
chr22,42128300,C,T,CYP2D6_10.007
chr22,42129950,A,C,CYP2D6_10.007
chr22,42126611,C,G,CYP2D6_10.008
chr22,42131791,C,T,CYP2D6_10.008
chr22,42132217,G,A,CYP2D6_10.008
chr22,42127407,T,G,CYP2D6_10.008
chr22,42130482,C,A,CYP2D6_10.008
chr22,42128694,T,C,CYP2D6_10.008
chr22,42129950,A,C,CYP2D6_10.008
chr22,42129130,C,G,CYP2D6_10.008
chr22,42129754,G,A,CYP2D6_10.008
chr22,42127209,T,C,CYP2D6_10.008
chr22,42126395,CCT,C,CYP2D6_10.008
chr22,42130692,G,A,CYP2D6_10.008
chr22,42126347,T,C,CYP2D6_10.008
chr22,42127209,T,C,CYP2D6_10.009
chr22,42128694,T,C,CYP2D6_10.009
chr22,42126390,G,A,CYP2D6_10.009
chr22,42129130,C,G,CYP2D6_10.009
chr22,42129754,G,A,CYP2D6_10.009
chr22,42129950,A,C,CYP2D6_10.009
chr22,42128444,CCTGCC,C,CYP2D6_10.009
chr22,42130482,C,A,CYP2D6_10.009
chr22,42130692,G,A,CYP2D6_10.009
chr22,42126611,C,G,CYP2D6_10.009
chr22,42131791,C,T,CYP2D6_10.009
chr22,42132217,G,A,CYP2D6_10.009
chr22,42127407,T,G,CYP2D6_10.009
chr22,42127941,G,A,CYP2D6_11
chr22,42129910,C,G,CYP2D6_11
chr22,42126611,C,G,CYP2D6_11
chr22,42130565,A,G,CYP2D6_11.001
chr22,42129130,C,G,CYP2D6_11.001
chr22,42129910,C,G,CYP2D6_11.001
chr22,42129950,A,C,CYP2D6_11.001
chr22,42130047,G,C,CYP2D6_11.001
chr22,42130569,G,C,CYP2D6_11.001
chr22,42130547,T,C,CYP2D6_11.001
chr22,42130559,T,G,CYP2D6_11.001
chr22,42130560,C,G,CYP2D6_11.001
chr22,42127941,G,A,CYP2D6_11.001
chr22,42130482,C,A,CYP2D6_11.001
chr22,42130571,G,T,CYP2D6_11.001
chr22,42131469,C,T,CYP2D6_11.001
chr22,42131531,G,A,CYP2D6_11.001
chr22,42132375,G,C,CYP2D6_11.001
chr22,42126310,C,T,CYP2D6_11.001
chr22,42126611,C,G,CYP2D6_11.001
chr22,42127001,G,A,CYP2D6_11.001
chr22,42127207,C,T,CYP2D6_11.001
chr22,42130578,C,G,CYP2D6_11.001
chr22,42127407,T,G,CYP2D6_11.001
chr22,42127941,G,A,CYP2D6_12
chr22,42126611,C,G,CYP2D6_12
chr22,42130668,C,T,CYP2D6_12
chr22,42127941,G,A,CYP2D6_12.001
chr22,42129130,C,G,CYP2D6_12.001
chr22,42126611,C,G,CYP2D6_12.001
chr22,42130668,C,T,CYP2D6_12.001
chr22,42129950,A,C,CYP2D6_12.002
chr22,42128130,C,T,CYP2D6_12.002
chr22,42127941,G,A,CYP2D6_12.002
chr22,42130047,G,C,CYP2D6_12.002
chr22,42127407,T,G,CYP2D6_12.002
chr22,42129075,C,T,CYP2D6_12.002
chr22,42128662,T,G,CYP2D6_12.002
chr22,42127207,C,T,CYP2D6_12.002
chr22,42128216,G,T,CYP2D6_12.002
chr22,42130668,C,T,CYP2D6_12.002
chr22,42126611,C,G,CYP2D6_12.002
chr22,42127001,G,A,CYP2D6_12.002
chr22,42127537,A,G,CYP2D6_12.002
chr22,42130482,C,A,CYP2D6_12.002
chr22,42129513,T,G,CYP2D6_12.002
chr22,42131802,A,G,CYP2D6_12.002
chr22,42127941,G,A,CYP2D6_14
chr22,42129033,C,T,CYP2D6_14
chr22,42126611,C,G,CYP2D6_14
chr22,42130559,T,G,CYP2D6_14.001
chr22,42127207,C,T,CYP2D6_14.001
chr22,42126611,C,G,CYP2D6_14.001
chr22,42127001,G,A,CYP2D6_14.001
chr22,42130482,C,A,CYP2D6_14.001
chr22,42130547,T,C,CYP2D6_14.001
chr22,42126310,C,T,CYP2D6_14.001
chr22,42130565,A,G,CYP2D6_14.001
chr22,42130560,C,G,CYP2D6_14.001
chr22,42129950,A,C,CYP2D6_14.001
chr22,42131531,G,A,CYP2D6_14.001
chr22,42132375,G,C,CYP2D6_14.001
chr22,42129130,C,G,CYP2D6_14.001
chr22,42127941,G,A,CYP2D6_14.001
chr22,42129033,C,T,CYP2D6_14.001
chr22,42127407,T,G,CYP2D6_14.001
chr22,42130578,C,G,CYP2D6_14.001
chr22,42130571,G,T,CYP2D6_14.001
chr22,42130569,G,C,CYP2D6_14.001
chr22,42130047,G,C,CYP2D6_14.001
chr22,42131469,C,T,CYP2D6_14.001
chr22,42130655,A,AA,CYP2D6_15
chr22,42130655,A,AA,CYP2D6_15.001
chr22,42129623,C,T,CYP2D6_15.001
chr22,42130655,A,AA,CYP2D6_15.002
chr22,42130839,C,CC,CYP2D6_15.002
chr22,42128433,T,A,CYP2D6_15.002
chr22,42130547,T,C,CYP2D6_15.003
chr22,42130715,C,T,CYP2D6_15.003
chr22,42130538,C,A,CYP2D6_15.003
chr22,42130522,G,A,CYP2D6_15.003
chr22,42130475,T,C,CYP2D6_15.003
chr22,42130565,A,G,CYP2D6_15.003
chr22,42130559,T,G,CYP2D6_15.003
chr22,42130469,C,T,CYP2D6_15.003
chr22,42130569,G,C,CYP2D6_15.003
chr22,42130560,C,G,CYP2D6_15.003
chr22,42130690,T,C,CYP2D6_15.003
chr22,42130684,G,A,CYP2D6_15.003
chr22,42130655,A,AA,CYP2D6_15.003
chr22,42130578,C,G,CYP2D6_15.003
chr22,42130571,G,T,CYP2D6_15.003
chr22,42129770,G,A,CYP2D6_17
chr22,42127941,G,A,CYP2D6_17
chr22,42126611,C,G,CYP2D6_17
chr22,42130571,G,T,CYP2D6_17.001
chr22,42131531,G,A,CYP2D6_17.001
chr22,42130565,A,G,CYP2D6_17.001
chr22,42130560,C,G,CYP2D6_17.001
chr22,42130559,T,G,CYP2D6_17.001
chr22,42130547,T,C,CYP2D6_17.001
chr22,42130482,C,A,CYP2D6_17.001
chr22,42129950,A,C,CYP2D6_17.001
chr22,42129770,G,A,CYP2D6_17.001
chr22,42129130,C,G,CYP2D6_17.001
chr22,42127941,G,A,CYP2D6_17.001
chr22,42127407,T,G,CYP2D6_17.001
chr22,42127207,C,T,CYP2D6_17.001
chr22,42127001,G,A,CYP2D6_17.001
chr22,42126611,C,G,CYP2D6_17.001
chr22,42130578,C,G,CYP2D6_17.001
chr22,42130569,G,C,CYP2D6_17.001
chr22,42130569,G,C,CYP2D6_17.002
chr22,42129130,C,G,CYP2D6_17.002
chr22,42130565,A,G,CYP2D6_17.002
chr22,42130560,C,G,CYP2D6_17.002
chr22,42130578,C,G,CYP2D6_17.002
chr22,42130559,T,G,CYP2D6_17.002
chr22,42130547,T,C,CYP2D6_17.002
chr22,42130482,C,A,CYP2D6_17.002
chr22,42129950,A,C,CYP2D6_17.002
chr22,42126611,C,G,CYP2D6_17.002
chr22,42127001,G,A,CYP2D6_17.002
chr22,42127207,C,T,CYP2D6_17.002
chr22,42131531,G,A,CYP2D6_17.002
chr22,42127407,T,G,CYP2D6_17.002
chr22,42127941,G,A,CYP2D6_17.002
chr22,42128189,C,A,CYP2D6_17.002
chr22,42129770,G,A,CYP2D6_17.002
chr22,42130571,G,T,CYP2D6_17.002
chr22,42127001,G,A,CYP2D6_17.003
chr22,42130560,C,G,CYP2D6_17.003
chr22,42130565,A,G,CYP2D6_17.003
chr22,42130569,G,C,CYP2D6_17.003
chr22,42130571,G,T,CYP2D6_17.003
chr22,42130578,C,G,CYP2D6_17.003
chr22,42131531,G,A,CYP2D6_17.003
chr22,42130482,C,A,CYP2D6_17.003
chr22,42130139,G,A,CYP2D6_17.003
chr22,42129950,A,C,CYP2D6_17.003
chr22,42130547,T,C,CYP2D6_17.003
chr22,42129770,G,A,CYP2D6_17.003
chr22,42127941,G,A,CYP2D6_17.003
chr22,42127407,T,G,CYP2D6_17.003
chr22,42127207,C,T,CYP2D6_17.003
chr22,42126611,C,G,CYP2D6_17.003
chr22,42129130,C,G,CYP2D6_17.003
chr22,42130559,T,G,CYP2D6_17.003
chr22,42130047,G,C,CYP2D6_17.004
chr22,42129950,A,C,CYP2D6_17.004
chr22,42129770,G,A,CYP2D6_17.004
chr22,42129130,C,G,CYP2D6_17.004
chr22,42127941,G,A,CYP2D6_17.004
chr22,42127207,C,T,CYP2D6_17.004
chr22,42127001,G,A,CYP2D6_17.004
chr22,42131531,G,A,CYP2D6_17.004
chr22,42130578,C,G,CYP2D6_17.004
chr22,42130571,G,T,CYP2D6_17.004
chr22,42130569,G,C,CYP2D6_17.004
chr22,42130565,A,G,CYP2D6_17.004
chr22,42127407,T,G,CYP2D6_17.004
chr22,42130560,C,G,CYP2D6_17.004
chr22,42126611,C,G,CYP2D6_17.004
chr22,42130559,T,G,CYP2D6_17.004
chr22,42130547,T,C,CYP2D6_17.004
chr22,42130482,C,A,CYP2D6_17.004
chr22,42127407,T,G,CYP2D6_17.005
chr22,42130569,G,C,CYP2D6_17.005
chr22,42131355,C,T,CYP2D6_17.005
chr22,42130559,T,G,CYP2D6_17.005
chr22,42131531,G,A,CYP2D6_17.005
chr22,42130547,T,C,CYP2D6_17.005
chr22,42126611,C,G,CYP2D6_17.005
chr22,42130578,C,G,CYP2D6_17.005
chr22,42128189,C,A,CYP2D6_17.005
chr22,42130565,A,G,CYP2D6_17.005
chr22,42129130,C,G,CYP2D6_17.005
chr22,42129770,G,A,CYP2D6_17.005
chr22,42129950,A,C,CYP2D6_17.005
chr22,42130482,C,A,CYP2D6_17.005
chr22,42127941,G,A,CYP2D6_17.005
chr22,42130571,G,T,CYP2D6_17.005
chr22,42130560,C,G,CYP2D6_17.005
chr22,42127001,G,A,CYP2D6_17.005
chr22,42127207,C,T,CYP2D6_17.005
chr22,42130578,C,G,CYP2D6_17.006
chr22,42130571,G,T,CYP2D6_17.006
chr22,42130569,G,C,CYP2D6_17.006
chr22,42130565,A,G,CYP2D6_17.006
chr22,42130560,C,G,CYP2D6_17.006
chr22,42130559,T,G,CYP2D6_17.006
chr22,42130547,T,C,CYP2D6_17.006
chr22,42130482,C,A,CYP2D6_17.006
chr22,42130139,G,A,CYP2D6_17.006
chr22,42131531,G,A,CYP2D6_17.006
chr22,42129770,G,A,CYP2D6_17.006
chr22,42129130,C,G,CYP2D6_17.006
chr22,42127941,G,A,CYP2D6_17.006
chr22,42127407,T,G,CYP2D6_17.006
chr22,42127352,C,T,CYP2D6_17.006
chr22,42127207,C,T,CYP2D6_17.006
chr22,42127001,G,A,CYP2D6_17.006
chr22,42126611,C,G,CYP2D6_17.006
chr22,42129950,A,C,CYP2D6_17.006
chr22,42130565,A,G,CYP2D6_17.007
chr22,42130560,C,G,CYP2D6_17.007
chr22,42130559,T,G,CYP2D6_17.007
chr22,42129770,G,A,CYP2D6_17.007
chr22,42130482,C,A,CYP2D6_17.007
chr22,42129950,A,C,CYP2D6_17.007
chr22,42130569,G,C,CYP2D6_17.007
chr22,42130547,T,C,CYP2D6_17.007
chr22,42130571,G,T,CYP2D6_17.007
chr22,42127230,C,G,CYP2D6_17.007
chr22,42131531,G,A,CYP2D6_17.007
chr22,42127407,T,G,CYP2D6_17.007
chr22,42127207,C,T,CYP2D6_17.007
chr22,42126611,C,G,CYP2D6_17.007
chr22,42127001,G,A,CYP2D6_17.007
chr22,42129130,C,G,CYP2D6_17.007
chr22,42130578,C,G,CYP2D6_17.007
chr22,42127941,G,A,CYP2D6_17.007
chr22,42128218,G,GG,CYP2D6_21
chr22,42126611,C,G,CYP2D6_21.001
chr22,42127207,C,T,CYP2D6_21.001
chr22,42127941,G,A,CYP2D6_21.001
chr22,42128218,G,GG,CYP2D6_21.001
chr22,42129130,C,G,CYP2D6_21.001
chr22,42130565,A,G,CYP2D6_21.001
chr22,42130482,C,A,CYP2D6_21.001
chr22,42130571,G,T,CYP2D6_21.001
chr22,42130578,C,G,CYP2D6_21.001
chr22,42131420,T,C,CYP2D6_21.001
chr22,42131469,C,T,CYP2D6_21.001
chr22,42131531,G,A,CYP2D6_21.001
chr22,42132217,G,A,CYP2D6_21.001
chr22,42132375,G,C,CYP2D6_21.001
chr22,42130569,G,C,CYP2D6_21.001
chr22,42131469,C,T,CYP2D6_21.002
chr22,42130578,C,G,CYP2D6_21.002
chr22,42130571,G,T,CYP2D6_21.002
chr22,42130569,G,C,CYP2D6_21.002
chr22,42130565,A,G,CYP2D6_21.002
chr22,42131531,G,A,CYP2D6_21.002
chr22,42132375,G,C,CYP2D6_21.002
chr22,42126310,C,T,CYP2D6_21.002
chr22,42130047,G,C,CYP2D6_21.002
chr22,42130559,T,G,CYP2D6_21.002
chr22,42127207,C,T,CYP2D6_21.002
chr22,42127407,T,G,CYP2D6_21.002
chr22,42127941,G,A,CYP2D6_21.002
chr22,42128218,G,GG,CYP2D6_21.002
chr22,42129130,C,G,CYP2D6_21.002
chr22,42130560,C,G,CYP2D6_21.002
chr22,42126611,C,G,CYP2D6_21.002
chr22,42129950,A,C,CYP2D6_21.002
chr22,42130482,C,A,CYP2D6_21.002
chr22,42130547,T,C,CYP2D6_21.002
chr22,42127001,G,A,CYP2D6_21.002
chr22,42128218,G,GG,CYP2D6_21.003
chr22,42126611,C,G,CYP2D6_29
chr22,42127608,C,T,CYP2D6_29
chr22,42127941,G,A,CYP2D6_29
chr22,42129130,CAC,GAT,CYP2D6_29
chr22,42128576,T,C,CYP2D6_29.001
chr22,42128499,C,T,CYP2D6_29.001
chr22,42127941,G,A,CYP2D6_29.001
chr22,42127608,C,T,CYP2D6_29.001
chr22,42127407,T,G,CYP2D6_29.001
chr22,42126611,C,G,CYP2D6_29.001
chr22,42128668,G,A,CYP2D6_29.001
chr22,42129130,CAC,GAT,CYP2D6_29.001
chr22,42129950,A,C,CYP2D6_29.001
chr22,42130047,G,C,CYP2D6_29.001
chr22,42130482,C,A,CYP2D6_29.001
chr22,42130051,GG,G,CYP2D6_29.001
chr22,42131531,G,A,CYP2D6_29.001
chr22,42132199,C,T,CYP2D6_29.001
chr22,42132209,A,T,CYP2D6_29.001
chr22,42130967,C,T,CYP2D6_29.001
chr22,42126611,C,G,CYP2D6_31
chr22,42126749,C,T,CYP2D6_31
chr22,42127941,G,A,CYP2D6_31
chr22,42130047,G,C,CYP2D6_31.001
chr22,42130482,C,A,CYP2D6_31.001
chr22,42130559,T,G,CYP2D6_31.001
chr22,42130560,C,G,CYP2D6_31.001
chr22,42130565,A,G,CYP2D6_31.001
chr22,42130569,G,C,CYP2D6_31.001
chr22,42130571,G,T,CYP2D6_31.001
chr22,42130578,C,G,CYP2D6_31.001
chr22,42132375,G,C,CYP2D6_31.001
chr22,42129950,A,C,CYP2D6_31.001
chr22,42130547,T,C,CYP2D6_31.001
chr22,42129130,C,G,CYP2D6_31.001
chr22,42131469,C,T,CYP2D6_31.001
chr22,42126749,C,T,CYP2D6_31.001
chr22,42127941,G,A,CYP2D6_31.001
chr22,42127407,T,G,CYP2D6_31.001
chr22,42127207,C,T,CYP2D6_31.001
chr22,42127001,G,A,CYP2D6_31.001
chr22,42126611,C,G,CYP2D6_31.001
chr22,42131531,G,A,CYP2D6_31.001
chr22,42126310,C,T,CYP2D6_31.001
chr22,42128942,G,GAAAGGGGCGAAAGGGGCG,CYP2D6_40
chr22,42127941,G,A,CYP2D6_40
chr22,42126611,C,G,CYP2D6_40
chr22,42129770,G,A,CYP2D6_40
chr22,42130559,T,G,CYP2D6_40.001
chr22,42130560,C,G,CYP2D6_40.001
chr22,42131531,G,A,CYP2D6_40.001
chr22,42130565,A,G,CYP2D6_40.001
chr22,42130578,C,G,CYP2D6_40.001
chr22,42129770,G,A,CYP2D6_40.001
chr22,42130482,C,A,CYP2D6_40.001
chr22,42129950,A,C,CYP2D6_40.001
chr22,42129130,C,G,CYP2D6_40.001
chr22,42128942,G,GAAAGGGGCGAAAGGGGCG,CYP2D6_40.001
chr22,42127941,G,A,CYP2D6_40.001
chr22,42127407,T,G,CYP2D6_40.001
chr22,42127207,C,T,CYP2D6_40.001
chr22,42127001,G,A,CYP2D6_40.001
chr22,42126611,C,G,CYP2D6_40.001
chr22,42130547,T,C,CYP2D6_40.001
chr22,42130569,G,C,CYP2D6_40.001
chr22,42130571,G,T,CYP2D6_40.001
chr22,42129950,A,C,CYP2D6_40.002
chr22,42130559,T,G,CYP2D6_40.002
chr22,42129770,G,A,CYP2D6_40.002
chr22,42129130,C,G,CYP2D6_40.002
chr22,42128942,G,GAAAGGGGCGAAAGGGGCG,CYP2D6_40.002
chr22,42127941,G,A,CYP2D6_40.002
chr22,42127207,C,T,CYP2D6_40.002
chr22,42127001,G,A,CYP2D6_40.002
chr22,42126611,C,G,CYP2D6_40.002
chr22,42130482,C,A,CYP2D6_40.002
chr22,42130547,T,C,CYP2D6_40.002
chr22,42127407,T,G,CYP2D6_40.002
chr22,42130565,A,G,CYP2D6_40.002
chr22,42130569,G,C,CYP2D6_40.002
chr22,42130571,G,T,CYP2D6_40.002
chr22,42130560,C,G,CYP2D6_40.002
chr22,42130578,C,G,CYP2D6_40.002
chr22,42126611,C,G,CYP2D6_41
chr22,42127803,C,T,CYP2D6_41
chr22,42127941,G,A,CYP2D6_41
chr22,42126310,C,T,CYP2D6_41.001
chr22,42130571,G,T,CYP2D6_41.001
chr22,42130569,G,C,CYP2D6_41.001
chr22,42130565,A,G,CYP2D6_41.001
chr22,42130578,C,G,CYP2D6_41.001
chr22,42131469,C,T,CYP2D6_41.001
chr22,42131531,G,A,CYP2D6_41.001
chr22,42130560,C,G,CYP2D6_41.001
chr22,42130482,C,A,CYP2D6_41.001
chr22,42130047,G,C,CYP2D6_41.001
chr22,42129950,A,C,CYP2D6_41.001
chr22,42129130,C,G,CYP2D6_41.001
chr22,42127941,G,A,CYP2D6_41.001
chr22,42130559,T,G,CYP2D6_41.001
chr22,42126611,C,G,CYP2D6_41.001
chr22,42127001,G,A,CYP2D6_41.001
chr22,42127207,C,T,CYP2D6_41.001
chr22,42130547,T,C,CYP2D6_41.001
chr22,42127407,T,G,CYP2D6_41.001
chr22,42127803,C,T,CYP2D6_41.001
chr22,42130559,T,G,CYP2D6_41.002
chr22,42129130,C,G,CYP2D6_41.002
chr22,42131531,G,A,CYP2D6_41.002
chr22,42131469,C,T,CYP2D6_41.002
chr22,42129950,A,C,CYP2D6_41.002
chr22,42130578,C,G,CYP2D6_41.002
chr22,42130571,G,T,CYP2D6_41.002
chr22,42130569,G,C,CYP2D6_41.002
chr22,42130565,A,G,CYP2D6_41.002
chr22,42130047,G,C,CYP2D6_41.002
chr22,42130482,C,A,CYP2D6_41.002
chr22,42128321,A,G,CYP2D6_41.002
chr22,42130547,T,C,CYP2D6_41.002
chr22,42130560,C,G,CYP2D6_41.002
chr22,42127941,G,A,CYP2D6_41.002
chr22,42126310,C,T,CYP2D6_41.002
chr22,42127407,T,G,CYP2D6_41.002
chr22,42127207,C,T,CYP2D6_41.002
chr22,42127001,G,A,CYP2D6_41.002
chr22,42126611,C,G,CYP2D6_41.002
chr22,42127803,C,T,CYP2D6_41.002
chr22,42130578,C,G,CYP2D6_41.003
chr22,42130559,T,G,CYP2D6_41.003
chr22,42130547,T,C,CYP2D6_41.003
chr22,42130482,C,A,CYP2D6_41.003
chr22,42130047,G,C,CYP2D6_41.003
chr22,42129950,A,C,CYP2D6_41.003
chr22,42129130,C,G,CYP2D6_41.003
chr22,42127941,G,A,CYP2D6_41.003
chr22,42127803,C,T,CYP2D6_41.003
chr22,42127001,G,A,CYP2D6_41.003
chr22,42127207,C,T,CYP2D6_41.003
chr22,42126776,G,T,CYP2D6_41.003
chr22,42126611,C,G,CYP2D6_41.003
chr22,42126310,C,T,CYP2D6_41.003
chr22,42130565,A,G,CYP2D6_41.003
chr22,42130569,G,C,CYP2D6_41.003
chr22,42130560,C,G,CYP2D6_41.003
chr22,42127407,T,G,CYP2D6_41.003
chr22,42130571,G,T,CYP2D6_41.003
chr22,42131469,C,T,CYP2D6_41.003
chr22,42131531,G,A,CYP2D6_41.003
chr22,42131469,C,T,CYP2D6_41.004
chr22,42129130,C,G,CYP2D6_41.004
chr22,42129178,G,A,CYP2D6_41.004
chr22,42129414,G,C,CYP2D6_41.004
chr22,42131531,G,A,CYP2D6_41.004
chr22,42130047,G,C,CYP2D6_41.004
chr22,42127941,G,A,CYP2D6_41.004
chr22,42130578,C,G,CYP2D6_41.004
chr22,42130569,G,C,CYP2D6_41.004
chr22,42130565,A,G,CYP2D6_41.004
chr22,42130560,C,G,CYP2D6_41.004
chr22,42130559,T,G,CYP2D6_41.004
chr22,42130547,T,C,CYP2D6_41.004
chr22,42130482,C,A,CYP2D6_41.004
chr22,42130571,G,T,CYP2D6_41.004
chr22,42127803,C,T,CYP2D6_41.004
chr22,42129950,A,C,CYP2D6_41.004
chr22,42127407,T,G,CYP2D6_41.004
chr22,42127207,C,T,CYP2D6_41.004
chr22,42126310,C,T,CYP2D6_41.004
chr22,42127001,G,A,CYP2D6_41.004
chr22,42126611,C,G,CYP2D6_41.004
chr22,42127001,G,A,CYP2D6_41.005
chr22,42127207,C,T,CYP2D6_41.005
chr22,42130560,C,G,CYP2D6_41.005
chr22,42130559,T,G,CYP2D6_41.005
chr22,42130547,T,C,CYP2D6_41.005
chr22,42129414,G,C,CYP2D6_41.005
chr22,42126611,C,G,CYP2D6_41.005
chr22,42127407,T,G,CYP2D6_41.005
chr22,42129178,G,A,CYP2D6_41.005
chr22,42129130,C,G,CYP2D6_41.005
chr22,42130047,G,C,CYP2D6_41.005
chr22,42126310,C,T,CYP2D6_41.005
chr22,42130482,C,A,CYP2D6_41.005
chr22,42129950,A,C,CYP2D6_41.005
chr22,42127803,C,T,CYP2D6_41.005
chr22,42131531,G,A,CYP2D6_41.005
chr22,42127941,G,A,CYP2D6_41.005
chr22,42131430,T,G,CYP2D6_41.005
chr22,42131469,C,T,CYP2D6_41.005
chr22,42130571,G,T,CYP2D6_41.005
chr22,42130569,G,C,CYP2D6_41.005
chr22,42130565,A,G,CYP2D6_41.005
chr22,42130578,C,G,CYP2D6_41.005
chr22,42131469,C,T,CYP2D6_41.006
chr22,42131531,G,A,CYP2D6_41.006
chr22,42130047,G,C,CYP2D6_41.006
chr22,42130571,G,T,CYP2D6_41.006
chr22,42130559,T,G,CYP2D6_41.006
chr22,42130547,T,C,CYP2D6_41.006
chr22,42127001,G,A,CYP2D6_41.006
chr22,42130482,C,A,CYP2D6_41.006
chr22,42129950,A,C,CYP2D6_41.006
chr22,42126611,C,G,CYP2D6_41.006
chr22,42129130,C,G,CYP2D6_41.006
chr22,42127941,G,A,CYP2D6_41.006
chr22,42127803,C,T,CYP2D6_41.006
chr22,42127207,C,T,CYP2D6_41.006
chr22,42130560,C,G,CYP2D6_41.006
chr22,42130565,A,G,CYP2D6_41.006
chr22,42130569,G,C,CYP2D6_41.006
chr22,42126310,C,T,CYP2D6_41.006
chr22,42130578,C,G,CYP2D6_41.006
chr22,42129283,C,T,CYP2D6_41.006
chr22,42127407,T,G,CYP2D6_41.006
chr22,42126310,C,T,CYP2D6_41.007
chr22,42131469,C,T,CYP2D6_41.007
chr22,42126611,C,G,CYP2D6_41.007
chr22,42126790,T,C,CYP2D6_41.007
chr22,42127001,G,A,CYP2D6_41.007
chr22,42127207,C,T,CYP2D6_41.007
chr22,42127407,T,G,CYP2D6_41.007
chr22,42127803,C,T,CYP2D6_41.007
chr22,42127941,G,A,CYP2D6_41.007
chr22,42129130,C,G,CYP2D6_41.007
chr22,42131531,G,A,CYP2D6_41.007
chr22,42129950,A,C,CYP2D6_41.007
chr22,42130482,C,A,CYP2D6_41.007
chr22,42130547,T,C,CYP2D6_41.007
chr22,42130559,T,G,CYP2D6_41.007
chr22,42130560,C,G,CYP2D6_41.007
chr22,42130565,A,G,CYP2D6_41.007
chr22,42130569,G,C,CYP2D6_41.007
chr22,42130571,G,T,CYP2D6_41.007
chr22,42130578,C,G,CYP2D6_41.007
chr22,42130047,G,C,CYP2D6_41.007
chr22,42129283,C,T,CYP2D6_41.007
chr22,42131469,C,T,CYP2D6_41.008
chr22,42127941,G,A,CYP2D6_41.008
chr22,42129067,G,A,CYP2D6_41.008
chr22,42129130,C,G,CYP2D6_41.008
chr22,42129950,A,C,CYP2D6_41.008
chr22,42130047,G,C,CYP2D6_41.008
chr22,42130482,C,A,CYP2D6_41.008
chr22,42130547,T,C,CYP2D6_41.008
chr22,42130559,T,G,CYP2D6_41.008
chr22,42130560,C,G,CYP2D6_41.008
chr22,42130565,A,G,CYP2D6_41.008
chr22,42130569,G,C,CYP2D6_41.008
chr22,42130571,G,T,CYP2D6_41.008
chr22,42130578,C,G,CYP2D6_41.008
chr22,42127407,T,G,CYP2D6_41.008
chr22,42127207,C,T,CYP2D6_41.008
chr22,42127001,G,A,CYP2D6_41.008
chr22,42126611,C,G,CYP2D6_41.008
chr22,42126310,C,T,CYP2D6_41.008
chr22,42131531,G,A,CYP2D6_41.008
chr22,42127803,C,T,CYP2D6_41.008
chr22,42130559,T,G,CYP2D6_41.009
chr22,42130547,T,C,CYP2D6_41.009
chr22,42130047,G,C,CYP2D6_41.009
chr22,42129950,A,C,CYP2D6_41.009
chr22,42130569,G,C,CYP2D6_41.009
chr22,42129754,G,A,CYP2D6_41.009
chr22,42129130,C,G,CYP2D6_41.009
chr22,42127941,G,A,CYP2D6_41.009
chr22,42127803,C,T,CYP2D6_41.009
chr22,42130571,G,T,CYP2D6_41.009
chr22,42130565,A,G,CYP2D6_41.009
chr22,42131531,G,A,CYP2D6_41.009
chr22,42131469,C,T,CYP2D6_41.009
chr22,42127407,T,G,CYP2D6_41.009
chr22,42127207,C,T,CYP2D6_41.009
chr22,42127001,G,A,CYP2D6_41.009
chr22,42126611,C,G,CYP2D6_41.009
chr22,42126310,C,T,CYP2D6_41.009
chr22,42130560,C,G,CYP2D6_41.009
chr22,42130578,C,G,CYP2D6_41.009
chr22,42127941,G,A,CYP2D6_42
chr22,42126611,C,G,CYP2D6_42
chr22,42127533,C,CAC,CYP2D6_42
chr22,42130547,T,C,CYP2D6_42.001
chr22,42130482,C,A,CYP2D6_42.001
chr22,42130560,C,G,CYP2D6_42.001
chr22,42130565,A,G,CYP2D6_42.001
chr22,42129563,C,T,CYP2D6_42.001
chr22,42129950,A,C,CYP2D6_42.001
chr22,42130569,G,C,CYP2D6_42.001
chr22,42129130,C,G,CYP2D6_42.001
chr22,42127941,G,A,CYP2D6_42.001
chr22,42127533,C,CAC,CYP2D6_42.001
chr22,42127407,T,G,CYP2D6_42.001
chr22,42130047,G,C,CYP2D6_42.001
chr22,42130571,G,T,CYP2D6_42.001
chr22,42130559,T,G,CYP2D6_42.001
chr22,42131060,G,A,CYP2D6_42.001
chr22,42130578,C,G,CYP2D6_42.001
chr22,42131469,C,T,CYP2D6_42.001
chr22,42131531,G,A,CYP2D6_42.001
chr22,42126310,C,T,CYP2D6_42.001
chr22,42127207,C,T,CYP2D6_42.001
chr22,42127001,G,A,CYP2D6_42.001
chr22,42126611,C,G,CYP2D6_42.001
chr22,42126611,C,G,CYP2D6_49
chr22,42130692,G,A,CYP2D6_49
chr22,42129180,A,T,CYP2D6_49
chr22,42130692,G,A,CYP2D6_49.001
chr22,42126611,C,G,CYP2D6_49.001
chr22,42129180,A,T,CYP2D6_49.001
chr22,42129754,G,A,CYP2D6_49.001
chr22,42132217,G,A,CYP2D6_49.001
chr22,42131791,C,T,CYP2D6_49.001
chr22,42129130,C,G,CYP2D6_49.001
chr22,42126611,C,G,CYP2D6_56
chr22,42127590,G,A,CYP2D6_56
chr22,42131469,C,T,CYP2D6_56.001
chr22,42131531,G,A,CYP2D6_56.001
chr22,42130578,C,G,CYP2D6_56.001
chr22,42130547,T,C,CYP2D6_56.001
chr22,42130569,G,C,CYP2D6_56.001
chr22,42130565,A,G,CYP2D6_56.001
chr22,42130560,C,G,CYP2D6_56.001
chr22,42130559,T,G,CYP2D6_56.001
chr22,42129130,C,G,CYP2D6_56.001
chr22,42127941,G,A,CYP2D6_56.001
chr22,42127590,G,A,CYP2D6_56.001
chr22,42127207,C,T,CYP2D6_56.001
chr22,42130571,G,T,CYP2D6_56.001
chr22,42127407,T,G,CYP2D6_56.001
chr22,42127001,G,A,CYP2D6_56.001
chr22,42126611,C,G,CYP2D6_56.001
chr22,42132375,G,C,CYP2D6_56.001
chr22,42126611,C,G,CYP2D6_56.002
chr22,42127209,T,C,CYP2D6_56.002
chr22,42127407,T,G,CYP2D6_56.002
chr22,42127590,G,A,CYP2D6_56.002
chr22,42128694,T,C,CYP2D6_56.002
chr22,42129130,C,G,CYP2D6_56.002
chr22,42129754,G,A,CYP2D6_56.002
chr22,42129950,A,C,CYP2D6_56.002
chr22,42130482,C,A,CYP2D6_56.002
chr22,42130692,G,A,CYP2D6_56.002
chr22,42131791,C,T,CYP2D6_56.002
chr22,42132217,G,A,CYP2D6_56.002
chr22,42126390,G,A,CYP2D6_56.003
chr22,42128694,T,C,CYP2D6_56.003
chr22,42132217,G,A,CYP2D6_56.003
chr22,42131791,C,T,CYP2D6_56.003
chr22,42130692,G,A,CYP2D6_56.003
chr22,42130482,C,A,CYP2D6_56.003
chr22,42129950,A,C,CYP2D6_56.003
chr22,42129754,G,A,CYP2D6_56.003
chr22,42129130,C,G,CYP2D6_56.003
chr22,42127590,G,A,CYP2D6_56.003
chr22,42127407,T,G,CYP2D6_56.003
chr22,42127209,T,C,CYP2D6_56.003
chr22,42126611,C,G,CYP2D6_56.003
chr22,42126611,C,G,CYP2D6_59
chr22,42127941,G,A,CYP2D6_59
chr22,42127852,C,T,CYP2D6_59
chr22,42126310,C,T,CYP2D6_59.001
chr22,42126611,C,G,CYP2D6_59.001
chr22,42127001,G,A,CYP2D6_59.001
chr22,42127207,C,T,CYP2D6_59.001
chr22,42127407,T,G,CYP2D6_59.001
chr22,42127852,C,T,CYP2D6_59.001
chr22,42127941,G,A,CYP2D6_59.001
chr22,42129130,C,G,CYP2D6_59.001
chr22,42128500,C,T,CYP2D6_59.001
chr22,42130047,G,C,CYP2D6_59.001
chr22,42130482,C,A,CYP2D6_59.001
chr22,42130547,T,C,CYP2D6_59.001
chr22,42130559,T,G,CYP2D6_59.001
chr22,42130560,C,G,CYP2D6_59.001
chr22,42130565,A,G,CYP2D6_59.001
chr22,42130569,G,C,CYP2D6_59.001
chr22,42130571,G,T,CYP2D6_59.001
chr22,42131531,G,A,CYP2D6_59.001
chr22,42131469,C,T,CYP2D6_59.001
chr22,42130578,C,G,CYP2D6_59.001
chr22,42129950,A,C,CYP2D6_59.001
chr22,42132375,G,C,CYP2D6_59.001
